Id|unitId|memo|Grade|combatPower|hp|attackDmg|attackRange|multiAttackCount|attackLongDelay|knockback|summonCnt|upgradePieceCnt|upgradeCostCnt|dropSoulCnt|splashDmg|splashRange|splashEffectPrefab|boomEffectPrefab|projectileId|attackCount|attackShortDelay|walkSpeed
int|int|string|int|int|int|int|int|int|int|int|int|int|int|int|int|int|string|string|int|int|int|int
1|1001|(원거리)Indian_Archer|1|75|450|140|50|1|1000|0|1|2|20|2|0|0|BoomEffect/Boom01.prefab|BoomEffect/Boom01.prefab|1001|1|0|10
2|1002|(근거리)Indian_Shield|1|75|2000|60|5|1|1000|0|1|2|20|2|0|0|BoomEffect/Boom01.prefab|BoomEffect/Boom01.prefab|1002|1|0|10
3|1003|(근거리)Indian_Spear|1|75|1250|150|5|1|1000|0|1|2|20|2|0|0|BoomEffect/Boom01.prefab|BoomEffect/Boom01.prefab|1003|1|0|10
4|1004|(근거리)Indian_Sword|1|75|1250|150|5|1|1000|0|1|2|20|2|0|0|BoomEffect/Boom01.prefab|BoomEffect/Boom01.prefab|1004|1|0|10
5|1005|(근거리)Indian_Mask|1|100|2000|360|5|1|1000|0|1|2|20|2|0|0|BoomEffect/Boom01.prefab|BoomEffect/Boom01.prefab|1005|1|0|10
6|1006|(근거리)Indian_Bear|1|100|1500|420|5|1|1000|0|1|2|20|2|0|0|BoomEffect/Boom01.prefab|BoomEffect/Boom01.prefab|1006|1|0|10
7|1007|(근거리)Bear|1|100|3500|180|5|1|1000|0|1|2|20|2|0|0|BoomEffect/Boom01.prefab|BoomEffect/Boom01.prefab|1007|1|0|10
8|1008|(근거리)Indian_Master|1|100|1500|360|5|5|1000|0|1|2|20|2|0|0|BoomEffect/Boom01.prefab|BoomEffect/Boom01.prefab|1008|1|0|10
9|1009|(근거리)Corgi|1|100|2000|360|5|1|1000|0|1|2|20|2|0|0|BoomEffect/Boom01.prefab|BoomEffect/Boom01.prefab|1009|1|0|10
10|1010|(근거리)Indian_Horse_Sword|1|112|3000|240|5|1|1000|0|1|2|20|4|0|0|BoomEffect/Boom01.prefab|BoomEffect/Boom01.prefab|1010|1|0|10
11|1011|(근거리)Indian_Horse_Spear|1|112|2000|360|5|1|1000|0|1|2|20|4|0|0|BoomEffect/Boom01.prefab|BoomEffect/Boom01.prefab|1011|1|0|10
12|1012|(원거리)Indian_Horse_Archer|1|112|1500|200|50|1|1000|0|1|2|20|4|0|0|BoomEffect/Boom01.prefab|BoomEffect/Boom01.prefab|1012|1|0|10
13|1013|(원거리)Chicken_Black|1|112|1200|240|50|1|1000|0|1|2|20|4|0|0|BoomEffect/Boom01.prefab|BoomEffect/Boom01.prefab|1013|1|0|10
14|1014|(원거리)Chicken_White|1|112|1200|240|50|1|1000|0|1|2|20|4|0|0|BoomEffect/Boom01.prefab|BoomEffect/Boom01.prefab|1014|1|0|10
15|1015|(근거리)Indian_Elephant|1|100|2000|360|5|1|1000|0|1|2|20|2|0|0|BoomEffect/Boom01.prefab|BoomEffect/Boom01.prefab|1015|1|0|10
16|1016|(원거리)Indian_Egg|1|137|2250|300|50|1|1000|0|1|2|20|4|0|0|BoomEffect/Boom01.prefab|BoomEffect/Boom01.prefab|1016|1|0|10
17|1051|(원거리)Indian_Archer_2|1|143|1220|380|50|1|1000|0|1|2|20|6|0|0|BoomEffect/Boom01.prefab|BoomEffect/Boom01.prefab|1051|1|0|10
18|1052|(근거리)Indian_Shield_2|1|143|5400|170|5|1|1000|0|1|2|20|6|0|0|BoomEffect/Boom01.prefab|BoomEffect/Boom01.prefab|1052|1|0|10
19|1053|(근거리)Indian_Spear_2|1|143|3380|410|5|1|1000|0|1|2|20|6|0|0|BoomEffect/Boom01.prefab|BoomEffect/Boom01.prefab|1053|1|0|10
20|1054|(근거리)Indian_Sword_2|1|143|3380|410|5|1|1000|0|1|2|20|6|0|0|BoomEffect/Boom01.prefab|BoomEffect/Boom01.prefab|1054|1|0|10
21|1055|(근거리)Indian_Mask_2|1|168|3700|670|5|1|1000|0|1|2|20|6|0|0|BoomEffect/Boom01.prefab|BoomEffect/Boom01.prefab|1055|1|0|10
22|1056|(근거리)Indian_Bear_2|1|168|2780|780|5|1|1000|0|1|2|20|6|0|0|BoomEffect/Boom01.prefab|BoomEffect/Boom01.prefab|1056|1|0|10
23|1057|(근거리)Bear_2|1|168|6480|340|5|1|1000|0|1|2|20|6|0|0|BoomEffect/Boom01.prefab|BoomEffect/Boom01.prefab|1057|1|0|10
24|1058|(근거리)Indian_Master_2|1|168|2780|670|5|5|1000|0|1|2|20|6|0|0|BoomEffect/Boom01.prefab|BoomEffect/Boom01.prefab|1058|1|0|10
25|1059|(근거리)Corgi_2|1|168|3700|670|5|1|1000|0|1|2|20|6|0|0|BoomEffect/Boom01.prefab|BoomEffect/Boom01.prefab|1059|1|0|10
26|1060|(근거리)Indian_Horse_Sword_2|1|175|5250|420|5|1|1000|0|1|2|20|8|0|0|BoomEffect/Boom01.prefab|BoomEffect/Boom01.prefab|1060|1|0|10
27|1061|(근거리)Indian_Horse_Spear_2|1|175|3500|630|5|1|1000|0|1|2|20|8|0|0|BoomEffect/Boom01.prefab|BoomEffect/Boom01.prefab|1061|1|0|10
28|1062|(원거리)Indian_Horse_Archer_2|1|175|2630|350|50|1|1000|0|1|2|20|8|0|0|BoomEffect/Boom01.prefab|BoomEffect/Boom01.prefab|1062|1|0|10
29|1063|(원거리)Chicken_Black_2|1|175|2100|420|50|1|1000|0|1|2|20|8|0|0|BoomEffect/Boom01.prefab|BoomEffect/Boom01.prefab|1063|1|0|10
30|1064|(원거리)Chicken_White_2|1|200|2700|540|50|1|1000|0|1|2|20|8|0|0|BoomEffect/Boom01.prefab|BoomEffect/Boom01.prefab|1064|1|0|10
31|1065|(근거리)Indian_Elephant_2|1|200|4500|540|5|10|1000|0|1|2|20|8|0|0|BoomEffect/Boom01.prefab|BoomEffect/Boom01.prefab|1065|1|0|10
32|1066|(원거리)Indian_Egg_2|1|200|3380|270|50|10|1000|0|1|2|20|8|0|0|BoomEffect/Boom01.prefab|BoomEffect/Boom01.prefab|1066|1|0|10
33|11001|(근거리)Indian_Wagon|1|75|1000|180|5|1|1000|0|1|2|20|2|0|0|BoomEffect/Boom01.prefab|BoomEffect/Boom01.prefab|11001|0|0|10
34|11002|(원거리)Indian_Catapult|1|75|300|140|300|5|1000|0|1|2|20|2|0|0|BoomEffect/Boom01.prefab|BoomEffect/Stone_Boom_Effect.prefab|11002|0|0|10
35|11003|(근거리)Indian_Wall|1|75|1000|180|5|1|1000|0|1|2|20|2|0|0|BoomEffect/Boom01.prefab|BoomEffect/Boom01.prefab|11003|0|0|10
36|11004|(원거리)Indian_Watchtower|1|100|1200|240|50|1|1000|0|1|2|20|2|0|0|BoomEffect/Boom01.prefab|BoomEffect/Boom01.prefab|11004|0|0|10
37|11005|(근거리)Indian_Chicken_House|1|75|1000|180|5|1|1000|0|1|2|20|2|0|0|BoomEffect/Boom01.prefab|BoomEffect/Boom01.prefab|11005|0|0|10
38|11006|(근거리)Indian_Jar_1|1|75|1000|180|5|1|1000|0|1|2|20|2|0|0|BoomEffect/Boom01.prefab|BoomEffect/Boom01.prefab|11006|0|0|10
39|11007|(근거리)Indian_Jar_2|1|75|1000|180|5|1|1000|0|1|2|20|2|0|0|BoomEffect/Boom01.prefab|BoomEffect/Boom01.prefab|11007|0|0|10
40|11008|(근거리)Indian_Straw|1|75|1000|180|5|1|1000|0|1|2|20|2|0|0|BoomEffect/Boom01.prefab|BoomEffect/Boom01.prefab|11008|0|0|10
41|11009|(근거리)Indian_Flag_Alter|1|75|1000|180|5|1|1000|0|1|2|20|2|0|0|BoomEffect/Boom01.prefab|BoomEffect/Boom01.prefab|11009|0|0|10
42|11010|(근거리)Indian_House|1|75|1000|180|5|1|1000|0|1|2|20|2|0|0|BoomEffect/Boom01.prefab|BoomEffect/Boom01.prefab|11010|0|0|10
43|11011|(근거리)Indian_Fire|1|75|1000|180|5|1|1000|0|1|2|20|2|0|0|BoomEffect/Boom01.prefab|BoomEffect/Boom01.prefab|11011|0|0|10
44|11012|(근거리)Indian_Wall_2|1|75|1000|180|5|1|1000|0|1|2|20|2|0|0|BoomEffect/Boom01.prefab|BoomEffect/Boom01.prefab|11012|0|0|10
45|20001|(근거리)DevilCastle|1|175|4380|530|1|1|1000|0|1|2|20|8|0|0|BoomEffect/Boom01.prefab|BoomEffect/Boom01.prefab|20001|0|0|10
46|2001|(근거리)Slime|1|200|1500|150|5|5|1000|0|5|2|20|2|0|0|BoomEffect/Boom01.prefab|BoomEffect/Boom01.prefab|2001|1|0|10
47|2001|(근거리)Slime|2|250|1700|157|5|5|1000|0|5|4|40|2|0|0|BoomEffect/Boom01.prefab|BoomEffect/Boom01.prefab|2001|1|0|10
48|2001|(근거리)Slime|3|300|1900|164|5|5|1000|0|5|6|60|2|0|0|BoomEffect/Boom01.prefab|BoomEffect/Boom01.prefab|2001|1|0|10
49|2001|(근거리)Slime|4|350|2100|171|5|5|1000|0|5|8|80|2|0|0|BoomEffect/Boom01.prefab|BoomEffect/Boom01.prefab|2001|1|0|10
50|2001|(근거리)Slime|5|400|2300|178|5|5|1000|0|5|10|100|2|0|0|BoomEffect/Boom01.prefab|BoomEffect/Boom01.prefab|2001|1|0|10
51|2001|(근거리)Slime|6|450|2500|185|5|5|1000|0|5|12|120|2|0|0|BoomEffect/Boom01.prefab|BoomEffect/Boom01.prefab|2001|1|0|10
52|2001|(근거리)Slime|7|500|2700|192|5|5|1000|0|5|14|140|2|0|0|BoomEffect/Boom01.prefab|BoomEffect/Boom01.prefab|2001|1|0|10
53|2001|(근거리)Slime|8|550|2900|199|5|5|1000|0|5|16|160|2|0|0|BoomEffect/Boom01.prefab|BoomEffect/Boom01.prefab|2001|1|0|10
54|2001|(근거리)Slime|9|600|3100|206|5|5|1000|0|5|18|180|2|0|0|BoomEffect/Boom01.prefab|BoomEffect/Boom01.prefab|2001|1|0|10
55|2001|(근거리)Slime|10|650|3300|213|5|5|1000|0|5|20|200|2|0|0|BoomEffect/Boom01.prefab|BoomEffect/Boom01.prefab|2001|1|0|10
56|2001|(근거리)Slime|11|700|3500|220|5|5|1000|0|5|22|220|2|0|0|BoomEffect/Boom01.prefab|BoomEffect/Boom01.prefab|2001|1|0|10
57|2001|(근거리)Slime|12|750|3700|227|5|5|1000|0|5|24|240|2|0|0|BoomEffect/Boom01.prefab|BoomEffect/Boom01.prefab|2001|1|0|10
58|2001|(근거리)Slime|13|800|3900|234|5|5|1000|0|5|26|260|2|0|0|BoomEffect/Boom01.prefab|BoomEffect/Boom01.prefab|2001|1|0|10
59|2001|(근거리)Slime|14|850|4100|241|5|5|1000|0|5|28|280|2|0|0|BoomEffect/Boom01.prefab|BoomEffect/Boom01.prefab|2001|1|0|10
60|2001|(근거리)Slime|15|900|4300|248|5|5|1000|0|5|30|300|2|0|0|BoomEffect/Boom01.prefab|BoomEffect/Boom01.prefab|2001|1|0|10
61|2001|(근거리)Slime|16|950|4500|255|5|5|1000|0|5|32|320|2|0|0|BoomEffect/Boom01.prefab|BoomEffect/Boom01.prefab|2001|1|0|10
62|2001|(근거리)Slime|17|1000|4700|262|5|5|1000|0|5|34|340|2|0|0|BoomEffect/Boom01.prefab|BoomEffect/Boom01.prefab|2001|1|0|10
63|2001|(근거리)Slime|18|1050|4900|269|5|5|1000|0|5|36|360|2|0|0|BoomEffect/Boom01.prefab|BoomEffect/Boom01.prefab|2001|1|0|10
64|2001|(근거리)Slime|19|1100|5100|276|5|5|1000|0|5|38|380|2|0|0|BoomEffect/Boom01.prefab|BoomEffect/Boom01.prefab|2001|1|0|10
65|2001|(근거리)Slime|20|1150|5300|283|5|5|1000|0|5|40|400|2|0|0|BoomEffect/Boom01.prefab|BoomEffect/Boom01.prefab|2001|1|0|10
66|2002|(원거리)Slime_Archer|1|202|900|75|50|5|500|0|4|2|20|2|0|0|BoomEffect/Boom01.prefab|BoomEffect/Boom01.prefab|2002|1|0|10
67|2002|(원거리)Slime_Archer|2|252|1050|78|50|5|500|0|4|4|40|2|0|0|BoomEffect/Boom01.prefab|BoomEffect/Boom01.prefab|2002|1|0|10
68|2002|(원거리)Slime_Archer|3|302|1200|81|50|5|500|0|4|6|60|2|0|0|BoomEffect/Boom01.prefab|BoomEffect/Boom01.prefab|2002|1|0|10
69|2002|(원거리)Slime_Archer|4|352|1350|84|50|5|500|0|4|8|80|2|0|0|BoomEffect/Boom01.prefab|BoomEffect/Boom01.prefab|2002|1|0|10
70|2002|(원거리)Slime_Archer|5|402|1500|87|50|5|500|0|4|10|100|2|0|0|BoomEffect/Boom01.prefab|BoomEffect/Boom01.prefab|2002|1|0|10
71|2002|(원거리)Slime_Archer|6|452|1650|90|50|5|500|0|4|12|120|2|0|0|BoomEffect/Boom01.prefab|BoomEffect/Boom01.prefab|2002|1|0|10
72|2002|(원거리)Slime_Archer|7|502|1800|93|50|5|500|0|4|14|140|2|0|0|BoomEffect/Boom01.prefab|BoomEffect/Boom01.prefab|2002|1|0|10
73|2002|(원거리)Slime_Archer|8|552|1950|96|50|5|500|0|4|16|160|2|0|0|BoomEffect/Boom01.prefab|BoomEffect/Boom01.prefab|2002|1|0|10
74|2002|(원거리)Slime_Archer|9|602|2100|99|50|5|500|0|4|18|180|2|0|0|BoomEffect/Boom01.prefab|BoomEffect/Boom01.prefab|2002|1|0|10
75|2002|(원거리)Slime_Archer|10|652|2250|102|50|5|500|0|4|20|200|2|0|0|BoomEffect/Boom01.prefab|BoomEffect/Boom01.prefab|2002|1|0|10
76|2002|(원거리)Slime_Archer|11|702|2400|105|50|5|500|0|4|22|220|2|0|0|BoomEffect/Boom01.prefab|BoomEffect/Boom01.prefab|2002|1|0|10
77|2002|(원거리)Slime_Archer|12|752|2550|108|50|5|500|0|4|24|240|2|0|0|BoomEffect/Boom01.prefab|BoomEffect/Boom01.prefab|2002|1|0|10
78|2002|(원거리)Slime_Archer|13|802|2700|111|50|5|500|0|4|26|260|2|0|0|BoomEffect/Boom01.prefab|BoomEffect/Boom01.prefab|2002|1|0|10
79|2002|(원거리)Slime_Archer|14|852|2850|114|50|5|500|0|4|28|280|2|0|0|BoomEffect/Boom01.prefab|BoomEffect/Boom01.prefab|2002|1|0|10
80|2002|(원거리)Slime_Archer|15|902|3000|117|50|5|500|0|4|30|300|2|0|0|BoomEffect/Boom01.prefab|BoomEffect/Boom01.prefab|2002|1|0|10
81|2002|(원거리)Slime_Archer|16|952|3150|120|50|5|500|0|4|32|320|2|0|0|BoomEffect/Boom01.prefab|BoomEffect/Boom01.prefab|2002|1|0|10
82|2002|(원거리)Slime_Archer|17|1002|3300|123|50|5|500|0|4|34|340|2|0|0|BoomEffect/Boom01.prefab|BoomEffect/Boom01.prefab|2002|1|0|10
83|2002|(원거리)Slime_Archer|18|1052|3450|126|50|5|500|0|4|36|360|2|0|0|BoomEffect/Boom01.prefab|BoomEffect/Boom01.prefab|2002|1|0|10
84|2002|(원거리)Slime_Archer|19|1102|3600|129|50|5|500|0|4|38|380|2|0|0|BoomEffect/Boom01.prefab|BoomEffect/Boom01.prefab|2002|1|0|10
85|2002|(원거리)Slime_Archer|20|1152|3750|132|50|5|500|0|4|40|400|2|0|0|BoomEffect/Boom01.prefab|BoomEffect/Boom01.prefab|2002|1|0|10
86|2003|(근거리)Skeleton_Sword|1|200|1800|110|5|5|1000|0|5|2|20|2|0|0|BoomEffect/Boom01.prefab|BoomEffect/Boom01.prefab|2003|1|0|10
87|2003|(근거리)Skeleton_Sword|2|250|2000|117|5|5|1000|0|5|4|40|2|0|0|BoomEffect/Boom01.prefab|BoomEffect/Boom01.prefab|2003|1|0|10
88|2003|(근거리)Skeleton_Sword|3|300|2200|124|5|5|1000|0|5|6|60|2|0|0|BoomEffect/Boom01.prefab|BoomEffect/Boom01.prefab|2003|1|0|10
89|2003|(근거리)Skeleton_Sword|4|350|2400|131|5|5|1000|0|5|8|80|2|0|0|BoomEffect/Boom01.prefab|BoomEffect/Boom01.prefab|2003|1|0|10
90|2003|(근거리)Skeleton_Sword|5|400|2600|138|5|5|1000|0|5|10|100|2|0|0|BoomEffect/Boom01.prefab|BoomEffect/Boom01.prefab|2003|1|0|10
91|2003|(근거리)Skeleton_Sword|6|450|2800|145|5|5|1000|0|5|12|120|2|0|0|BoomEffect/Boom01.prefab|BoomEffect/Boom01.prefab|2003|1|0|10
92|2003|(근거리)Skeleton_Sword|7|500|3000|152|5|5|1000|0|5|14|140|2|0|0|BoomEffect/Boom01.prefab|BoomEffect/Boom01.prefab|2003|1|0|10
93|2003|(근거리)Skeleton_Sword|8|550|3200|159|5|5|1000|0|5|16|160|2|0|0|BoomEffect/Boom01.prefab|BoomEffect/Boom01.prefab|2003|1|0|10
94|2003|(근거리)Skeleton_Sword|9|600|3400|166|5|5|1000|0|5|18|180|2|0|0|BoomEffect/Boom01.prefab|BoomEffect/Boom01.prefab|2003|1|0|10
95|2003|(근거리)Skeleton_Sword|10|650|3600|173|5|5|1000|0|5|20|200|2|0|0|BoomEffect/Boom01.prefab|BoomEffect/Boom01.prefab|2003|1|0|10
96|2003|(근거리)Skeleton_Sword|11|700|3800|180|5|5|1000|0|5|22|220|2|0|0|BoomEffect/Boom01.prefab|BoomEffect/Boom01.prefab|2003|1|0|10
97|2003|(근거리)Skeleton_Sword|12|750|4000|187|5|5|1000|0|5|24|240|2|0|0|BoomEffect/Boom01.prefab|BoomEffect/Boom01.prefab|2003|1|0|10
98|2003|(근거리)Skeleton_Sword|13|800|4200|194|5|5|1000|0|5|26|260|2|0|0|BoomEffect/Boom01.prefab|BoomEffect/Boom01.prefab|2003|1|0|10
99|2003|(근거리)Skeleton_Sword|14|850|4400|201|5|5|1000|0|5|28|280|2|0|0|BoomEffect/Boom01.prefab|BoomEffect/Boom01.prefab|2003|1|0|10
100|2003|(근거리)Skeleton_Sword|15|900|4600|208|5|5|1000|0|5|30|300|2|0|0|BoomEffect/Boom01.prefab|BoomEffect/Boom01.prefab|2003|1|0|10
101|2003|(근거리)Skeleton_Sword|16|950|4800|215|5|5|1000|0|5|32|320|2|0|0|BoomEffect/Boom01.prefab|BoomEffect/Boom01.prefab|2003|1|0|10
102|2003|(근거리)Skeleton_Sword|17|1000|5000|222|5|5|1000|0|5|34|340|2|0|0|BoomEffect/Boom01.prefab|BoomEffect/Boom01.prefab|2003|1|0|10
103|2003|(근거리)Skeleton_Sword|18|1050|5200|229|5|5|1000|0|5|36|360|2|0|0|BoomEffect/Boom01.prefab|BoomEffect/Boom01.prefab|2003|1|0|10
104|2003|(근거리)Skeleton_Sword|19|1100|5400|236|5|5|1000|0|5|38|380|2|0|0|BoomEffect/Boom01.prefab|BoomEffect/Boom01.prefab|2003|1|0|10
105|2003|(근거리)Skeleton_Sword|20|1150|5600|243|5|5|1000|0|5|40|400|2|0|0|BoomEffect/Boom01.prefab|BoomEffect/Boom01.prefab|2003|1|0|10
106|2004|(원거리)Skeleton_Archer|1|202|1130|84|50|5|700|0|4|2|20|2|0|0|BoomEffect/Boom01.prefab|BoomEffect/Boom01.prefab|2004|1|0|10
107|2004|(원거리)Skeleton_Archer|2|252|1280|89|50|5|700|0|4|4|40|2|0|0|BoomEffect/Boom01.prefab|BoomEffect/Boom01.prefab|2004|1|0|10
108|2004|(원거리)Skeleton_Archer|3|302|1430|94|50|5|700|0|4|6|60|2|0|0|BoomEffect/Boom01.prefab|BoomEffect/Boom01.prefab|2004|1|0|10
109|2004|(원거리)Skeleton_Archer|4|352|1580|99|50|5|700|0|4|8|80|2|0|0|BoomEffect/Boom01.prefab|BoomEffect/Boom01.prefab|2004|1|0|10
110|2004|(원거리)Skeleton_Archer|5|402|1730|104|50|5|700|0|4|10|100|2|0|0|BoomEffect/Boom01.prefab|BoomEffect/Boom01.prefab|2004|1|0|10
111|2004|(원거리)Skeleton_Archer|6|452|1880|109|50|5|700|0|4|12|120|2|0|0|BoomEffect/Boom01.prefab|BoomEffect/Boom01.prefab|2004|1|0|10
112|2004|(원거리)Skeleton_Archer|7|502|2030|114|50|5|700|0|4|14|140|2|0|0|BoomEffect/Boom01.prefab|BoomEffect/Boom01.prefab|2004|1|0|10
113|2004|(원거리)Skeleton_Archer|8|552|2180|119|50|5|700|0|4|16|160|2|0|0|BoomEffect/Boom01.prefab|BoomEffect/Boom01.prefab|2004|1|0|10
114|2004|(원거리)Skeleton_Archer|9|602|2330|124|50|5|700|0|4|18|180|2|0|0|BoomEffect/Boom01.prefab|BoomEffect/Boom01.prefab|2004|1|0|10
115|2004|(원거리)Skeleton_Archer|10|652|2480|129|50|5|700|0|4|20|200|2|0|0|BoomEffect/Boom01.prefab|BoomEffect/Boom01.prefab|2004|1|0|10
116|2004|(원거리)Skeleton_Archer|11|702|2630|134|50|5|700|0|4|22|220|2|0|0|BoomEffect/Boom01.prefab|BoomEffect/Boom01.prefab|2004|1|0|10
117|2004|(원거리)Skeleton_Archer|12|752|2780|139|50|5|700|0|4|24|240|2|0|0|BoomEffect/Boom01.prefab|BoomEffect/Boom01.prefab|2004|1|0|10
118|2004|(원거리)Skeleton_Archer|13|802|2930|144|50|5|700|0|4|26|260|2|0|0|BoomEffect/Boom01.prefab|BoomEffect/Boom01.prefab|2004|1|0|10
119|2004|(원거리)Skeleton_Archer|14|852|3080|149|50|5|700|0|4|28|280|2|0|0|BoomEffect/Boom01.prefab|BoomEffect/Boom01.prefab|2004|1|0|10
120|2004|(원거리)Skeleton_Archer|15|902|3230|154|50|5|700|0|4|30|300|2|0|0|BoomEffect/Boom01.prefab|BoomEffect/Boom01.prefab|2004|1|0|10
121|2004|(원거리)Skeleton_Archer|16|952|3380|159|50|5|700|0|4|32|320|2|0|0|BoomEffect/Boom01.prefab|BoomEffect/Boom01.prefab|2004|1|0|10
122|2004|(원거리)Skeleton_Archer|17|1002|3530|164|50|5|700|0|4|34|340|2|0|0|BoomEffect/Boom01.prefab|BoomEffect/Boom01.prefab|2004|1|0|10
123|2004|(원거리)Skeleton_Archer|18|1052|3680|169|50|5|700|0|4|36|360|2|0|0|BoomEffect/Boom01.prefab|BoomEffect/Boom01.prefab|2004|1|0|10
124|2004|(원거리)Skeleton_Archer|19|1102|3830|174|50|5|700|0|4|38|380|2|0|0|BoomEffect/Boom01.prefab|BoomEffect/Boom01.prefab|2004|1|0|10
125|2004|(원거리)Skeleton_Archer|20|1152|3980|179|50|5|700|0|4|40|400|2|0|0|BoomEffect/Boom01.prefab|BoomEffect/Boom01.prefab|2004|1|0|10
126|2005|(원거리)Skeleton_Witch|1|200|1200|200|50|5|1000|0|3|2|20|2|0|0|BoomEffect/Boom01.prefab|BoomEffect/Boom01.prefab|2005|1|0|10
127|2005|(원거리)Skeleton_Witch|2|250|1400|213|50|5|1000|0|3|4|40|2|0|0|BoomEffect/Boom01.prefab|BoomEffect/Boom01.prefab|2005|1|0|10
128|2005|(원거리)Skeleton_Witch|3|300|1600|226|50|5|1000|0|3|6|60|2|0|0|BoomEffect/Boom01.prefab|BoomEffect/Boom01.prefab|2005|1|0|10
129|2005|(원거리)Skeleton_Witch|4|350|1800|239|50|5|1000|0|3|8|80|2|0|0|BoomEffect/Boom01.prefab|BoomEffect/Boom01.prefab|2005|1|0|10
130|2005|(원거리)Skeleton_Witch|5|400|2000|252|50|5|1000|0|3|10|100|2|0|0|BoomEffect/Boom01.prefab|BoomEffect/Boom01.prefab|2005|1|0|10
131|2005|(원거리)Skeleton_Witch|6|450|2200|265|50|5|1000|0|3|12|120|2|0|0|BoomEffect/Boom01.prefab|BoomEffect/Boom01.prefab|2005|1|0|10
132|2005|(원거리)Skeleton_Witch|7|500|2400|278|50|5|1000|0|3|14|140|2|0|0|BoomEffect/Boom01.prefab|BoomEffect/Boom01.prefab|2005|1|0|10
133|2005|(원거리)Skeleton_Witch|8|550|2600|291|50|5|1000|0|3|16|160|2|0|0|BoomEffect/Boom01.prefab|BoomEffect/Boom01.prefab|2005|1|0|10
134|2005|(원거리)Skeleton_Witch|9|600|2800|304|50|5|1000|0|3|18|180|2|0|0|BoomEffect/Boom01.prefab|BoomEffect/Boom01.prefab|2005|1|0|10
135|2005|(원거리)Skeleton_Witch|10|650|3000|317|50|5|1000|0|3|20|200|2|0|0|BoomEffect/Boom01.prefab|BoomEffect/Boom01.prefab|2005|1|0|10
136|2005|(원거리)Skeleton_Witch|11|700|3200|330|50|5|1000|0|3|22|220|2|0|0|BoomEffect/Boom01.prefab|BoomEffect/Boom01.prefab|2005|1|0|10
137|2005|(원거리)Skeleton_Witch|12|750|3400|343|50|5|1000|0|3|24|240|2|0|0|BoomEffect/Boom01.prefab|BoomEffect/Boom01.prefab|2005|1|0|10
138|2005|(원거리)Skeleton_Witch|13|800|3600|356|50|5|1000|0|3|26|260|2|0|0|BoomEffect/Boom01.prefab|BoomEffect/Boom01.prefab|2005|1|0|10
139|2005|(원거리)Skeleton_Witch|14|850|3800|369|50|5|1000|0|3|28|280|2|0|0|BoomEffect/Boom01.prefab|BoomEffect/Boom01.prefab|2005|1|0|10
140|2005|(원거리)Skeleton_Witch|15|900|4000|382|50|5|1000|0|3|30|300|2|0|0|BoomEffect/Boom01.prefab|BoomEffect/Boom01.prefab|2005|1|0|10
141|2005|(원거리)Skeleton_Witch|16|950|4200|395|50|5|1000|0|3|32|320|2|0|0|BoomEffect/Boom01.prefab|BoomEffect/Boom01.prefab|2005|1|0|10
142|2005|(원거리)Skeleton_Witch|17|1000|4400|408|50|5|1000|0|3|34|340|2|0|0|BoomEffect/Boom01.prefab|BoomEffect/Boom01.prefab|2005|1|0|10
143|2005|(원거리)Skeleton_Witch|18|1050|4600|421|50|5|1000|0|3|36|360|2|0|0|BoomEffect/Boom01.prefab|BoomEffect/Boom01.prefab|2005|1|0|10
144|2005|(원거리)Skeleton_Witch|19|1100|4800|434|50|5|1000|0|3|38|380|2|0|0|BoomEffect/Boom01.prefab|BoomEffect/Boom01.prefab|2005|1|0|10
145|2005|(원거리)Skeleton_Witch|20|1150|5000|447|50|5|1000|0|3|40|400|2|0|0|BoomEffect/Boom01.prefab|BoomEffect/Boom01.prefab|2005|1|0|10
146|2006|(근거리)Zombie_Hand|1|200|300|290|5|5|1000|0|5|2|20|2|0|0|BoomEffect/Boom01.prefab|BoomEffect/Boom01.prefab|2006|1|0|10
147|2006|(근거리)Zombie_Hand|2|250|500|297|5|5|1000|0|5|4|40|2|0|0|BoomEffect/Boom01.prefab|BoomEffect/Boom01.prefab|2006|1|0|10
148|2006|(근거리)Zombie_Hand|3|300|700|304|5|5|1000|0|5|6|60|2|0|0|BoomEffect/Boom01.prefab|BoomEffect/Boom01.prefab|2006|1|0|10
149|2006|(근거리)Zombie_Hand|4|350|900|311|5|5|1000|0|5|8|80|2|0|0|BoomEffect/Boom01.prefab|BoomEffect/Boom01.prefab|2006|1|0|10
150|2006|(근거리)Zombie_Hand|5|400|1100|318|5|5|1000|0|5|10|100|2|0|0|BoomEffect/Boom01.prefab|BoomEffect/Boom01.prefab|2006|1|0|10
151|2006|(근거리)Zombie_Hand|6|450|1300|325|5|5|1000|0|5|12|120|2|0|0|BoomEffect/Boom01.prefab|BoomEffect/Boom01.prefab|2006|1|0|10
152|2006|(근거리)Zombie_Hand|7|500|1500|332|5|5|1000|0|5|14|140|2|0|0|BoomEffect/Boom01.prefab|BoomEffect/Boom01.prefab|2006|1|0|10
153|2006|(근거리)Zombie_Hand|8|550|1700|339|5|5|1000|0|5|16|160|2|0|0|BoomEffect/Boom01.prefab|BoomEffect/Boom01.prefab|2006|1|0|10
154|2006|(근거리)Zombie_Hand|9|600|1900|346|5|5|1000|0|5|18|180|2|0|0|BoomEffect/Boom01.prefab|BoomEffect/Boom01.prefab|2006|1|0|10
155|2006|(근거리)Zombie_Hand|10|650|2100|353|5|5|1000|0|5|20|200|2|0|0|BoomEffect/Boom01.prefab|BoomEffect/Boom01.prefab|2006|1|0|10
156|2006|(근거리)Zombie_Hand|11|700|2300|360|5|5|1000|0|5|22|220|2|0|0|BoomEffect/Boom01.prefab|BoomEffect/Boom01.prefab|2006|1|0|10
157|2006|(근거리)Zombie_Hand|12|750|2500|367|5|5|1000|0|5|24|240|2|0|0|BoomEffect/Boom01.prefab|BoomEffect/Boom01.prefab|2006|1|0|10
158|2006|(근거리)Zombie_Hand|13|800|2700|374|5|5|1000|0|5|26|260|2|0|0|BoomEffect/Boom01.prefab|BoomEffect/Boom01.prefab|2006|1|0|10
159|2006|(근거리)Zombie_Hand|14|850|2900|381|5|5|1000|0|5|28|280|2|0|0|BoomEffect/Boom01.prefab|BoomEffect/Boom01.prefab|2006|1|0|10
160|2006|(근거리)Zombie_Hand|15|900|3100|388|5|5|1000|0|5|30|300|2|0|0|BoomEffect/Boom01.prefab|BoomEffect/Boom01.prefab|2006|1|0|10
161|2006|(근거리)Zombie_Hand|16|950|3300|395|5|5|1000|0|5|32|320|2|0|0|BoomEffect/Boom01.prefab|BoomEffect/Boom01.prefab|2006|1|0|10
162|2006|(근거리)Zombie_Hand|17|1000|3500|402|5|5|1000|0|5|34|340|2|0|0|BoomEffect/Boom01.prefab|BoomEffect/Boom01.prefab|2006|1|0|10
163|2006|(근거리)Zombie_Hand|18|1050|3700|409|5|5|1000|0|5|36|360|2|0|0|BoomEffect/Boom01.prefab|BoomEffect/Boom01.prefab|2006|1|0|10
164|2006|(근거리)Zombie_Hand|19|1100|3900|416|5|5|1000|0|5|38|380|2|0|0|BoomEffect/Boom01.prefab|BoomEffect/Boom01.prefab|2006|1|0|10
165|2006|(근거리)Zombie_Hand|20|1150|4100|423|5|5|1000|0|5|40|400|2|0|0|BoomEffect/Boom01.prefab|BoomEffect/Boom01.prefab|2006|1|0|10
166|2007|(근거리)Zombie_Shield|1|200|4500|60|5|1|1000|0|3|2|20|2|0|0|BoomEffect/Boom01.prefab|BoomEffect/Boom01.prefab|2007|1|0|10
167|2007|(근거리)Zombie_Shield|2|250|4833|80|5|1|1000|0|3|4|40|2|0|0|BoomEffect/Boom01.prefab|BoomEffect/Boom01.prefab|2007|1|0|10
168|2007|(근거리)Zombie_Shield|3|300|5166|100|5|1|1000|0|3|6|60|2|0|0|BoomEffect/Boom01.prefab|BoomEffect/Boom01.prefab|2007|1|0|10
169|2007|(근거리)Zombie_Shield|4|350|5499|120|5|1|1000|0|3|8|80|2|0|0|BoomEffect/Boom01.prefab|BoomEffect/Boom01.prefab|2007|1|0|10
170|2007|(근거리)Zombie_Shield|5|400|5832|140|5|1|1000|0|3|10|100|2|0|0|BoomEffect/Boom01.prefab|BoomEffect/Boom01.prefab|2007|1|0|10
171|2007|(근거리)Zombie_Shield|6|450|6165|160|5|1|1000|0|3|12|120|2|0|0|BoomEffect/Boom01.prefab|BoomEffect/Boom01.prefab|2007|1|0|10
172|2007|(근거리)Zombie_Shield|7|500|6498|180|5|1|1000|0|3|14|140|2|0|0|BoomEffect/Boom01.prefab|BoomEffect/Boom01.prefab|2007|1|0|10
173|2007|(근거리)Zombie_Shield|8|550|6831|200|5|1|1000|0|3|16|160|2|0|0|BoomEffect/Boom01.prefab|BoomEffect/Boom01.prefab|2007|1|0|10
174|2007|(근거리)Zombie_Shield|9|600|7164|220|5|1|1000|0|3|18|180|2|0|0|BoomEffect/Boom01.prefab|BoomEffect/Boom01.prefab|2007|1|0|10
175|2007|(근거리)Zombie_Shield|10|650|7497|240|5|1|1000|0|3|20|200|2|0|0|BoomEffect/Boom01.prefab|BoomEffect/Boom01.prefab|2007|1|0|10
176|2007|(근거리)Zombie_Shield|11|700|7830|260|5|1|1000|0|3|22|220|2|0|0|BoomEffect/Boom01.prefab|BoomEffect/Boom01.prefab|2007|1|0|10
177|2007|(근거리)Zombie_Shield|12|750|8163|280|5|1|1000|0|3|24|240|2|0|0|BoomEffect/Boom01.prefab|BoomEffect/Boom01.prefab|2007|1|0|10
178|2007|(근거리)Zombie_Shield|13|800|8496|300|5|1|1000|0|3|26|260|2|0|0|BoomEffect/Boom01.prefab|BoomEffect/Boom01.prefab|2007|1|0|10
179|2007|(근거리)Zombie_Shield|14|850|8829|320|5|1|1000|0|3|28|280|2|0|0|BoomEffect/Boom01.prefab|BoomEffect/Boom01.prefab|2007|1|0|10
180|2007|(근거리)Zombie_Shield|15|900|9162|340|5|1|1000|0|3|30|300|2|0|0|BoomEffect/Boom01.prefab|BoomEffect/Boom01.prefab|2007|1|0|10
181|2007|(근거리)Zombie_Shield|16|950|9495|360|5|1|1000|0|3|32|320|2|0|0|BoomEffect/Boom01.prefab|BoomEffect/Boom01.prefab|2007|1|0|10
182|2007|(근거리)Zombie_Shield|17|1000|9828|380|5|1|1000|0|3|34|340|2|0|0|BoomEffect/Boom01.prefab|BoomEffect/Boom01.prefab|2007|1|0|10
183|2007|(근거리)Zombie_Shield|18|1050|10161|400|5|1|1000|0|3|36|360|2|0|0|BoomEffect/Boom01.prefab|BoomEffect/Boom01.prefab|2007|1|0|10
184|2007|(근거리)Zombie_Shield|19|1100|10494|420|5|1|1000|0|3|38|380|2|0|0|BoomEffect/Boom01.prefab|BoomEffect/Boom01.prefab|2007|1|0|10
185|2007|(근거리)Zombie_Shield|20|1150|10827|440|5|1|1000|0|3|40|400|2|0|0|BoomEffect/Boom01.prefab|BoomEffect/Boom01.prefab|2007|1|0|10
186|2008|(근거리)Zombie_Sword|1|200|2000|300|5|5|1000|0|3|2|20|2|0|0|BoomEffect/Boom01.prefab|BoomEffect/Boom01.prefab|2008|1|0|10
187|2008|(근거리)Zombie_Sword|2|250|2333|320|5|5|1000|0|3|4|40|2|0|0|BoomEffect/Boom01.prefab|BoomEffect/Boom01.prefab|2008|1|0|10
188|2008|(근거리)Zombie_Sword|3|300|2666|340|5|5|1000|0|3|6|60|2|0|0|BoomEffect/Boom01.prefab|BoomEffect/Boom01.prefab|2008|1|0|10
189|2008|(근거리)Zombie_Sword|4|350|2999|360|5|5|1000|0|3|8|80|2|0|0|BoomEffect/Boom01.prefab|BoomEffect/Boom01.prefab|2008|1|0|10
190|2008|(근거리)Zombie_Sword|5|400|3332|380|5|5|1000|0|3|10|100|2|0|0|BoomEffect/Boom01.prefab|BoomEffect/Boom01.prefab|2008|1|0|10
191|2008|(근거리)Zombie_Sword|6|450|3665|400|5|5|1000|0|3|12|120|2|0|0|BoomEffect/Boom01.prefab|BoomEffect/Boom01.prefab|2008|1|0|10
192|2008|(근거리)Zombie_Sword|7|500|3998|420|5|5|1000|0|3|14|140|2|0|0|BoomEffect/Boom01.prefab|BoomEffect/Boom01.prefab|2008|1|0|10
193|2008|(근거리)Zombie_Sword|8|550|4331|440|5|5|1000|0|3|16|160|2|0|0|BoomEffect/Boom01.prefab|BoomEffect/Boom01.prefab|2008|1|0|10
194|2008|(근거리)Zombie_Sword|9|600|4664|460|5|5|1000|0|3|18|180|2|0|0|BoomEffect/Boom01.prefab|BoomEffect/Boom01.prefab|2008|1|0|10
195|2008|(근거리)Zombie_Sword|10|650|4997|480|5|5|1000|0|3|20|200|2|0|0|BoomEffect/Boom01.prefab|BoomEffect/Boom01.prefab|2008|1|0|10
196|2008|(근거리)Zombie_Sword|11|700|5330|500|5|5|1000|0|3|22|220|2|0|0|BoomEffect/Boom01.prefab|BoomEffect/Boom01.prefab|2008|1|0|10
197|2008|(근거리)Zombie_Sword|12|750|5663|520|5|5|1000|0|3|24|240|2|0|0|BoomEffect/Boom01.prefab|BoomEffect/Boom01.prefab|2008|1|0|10
198|2008|(근거리)Zombie_Sword|13|800|5996|540|5|5|1000|0|3|26|260|2|0|0|BoomEffect/Boom01.prefab|BoomEffect/Boom01.prefab|2008|1|0|10
199|2008|(근거리)Zombie_Sword|14|850|6329|560|5|5|1000|0|3|28|280|2|0|0|BoomEffect/Boom01.prefab|BoomEffect/Boom01.prefab|2008|1|0|10
200|2008|(근거리)Zombie_Sword|15|900|6662|580|5|5|1000|0|3|30|300|2|0|0|BoomEffect/Boom01.prefab|BoomEffect/Boom01.prefab|2008|1|0|10
201|2008|(근거리)Zombie_Sword|16|950|6995|600|5|5|1000|0|3|32|320|2|0|0|BoomEffect/Boom01.prefab|BoomEffect/Boom01.prefab|2008|1|0|10
202|2008|(근거리)Zombie_Sword|17|1000|7328|620|5|5|1000|0|3|34|340|2|0|0|BoomEffect/Boom01.prefab|BoomEffect/Boom01.prefab|2008|1|0|10
203|2008|(근거리)Zombie_Sword|18|1050|7661|640|5|5|1000|0|3|36|360|2|0|0|BoomEffect/Boom01.prefab|BoomEffect/Boom01.prefab|2008|1|0|10
204|2008|(근거리)Zombie_Sword|19|1100|7994|660|5|5|1000|0|3|38|380|2|0|0|BoomEffect/Boom01.prefab|BoomEffect/Boom01.prefab|2008|1|0|10
205|2008|(근거리)Zombie_Sword|20|1150|8327|680|5|5|1000|0|3|40|400|2|0|0|BoomEffect/Boom01.prefab|BoomEffect/Boom01.prefab|2008|1|0|10
206|2009|(원거리)Witch_Fire|1|275|4800|400|50|5|500|0|1|2|20|6|0|0|BoomEffect/Boom01.prefab|BoomEffect/Boom01.prefab|2009|1|0|10
207|2009|(원거리)Witch_Fire|2|350|5400|460|50|5|500|0|1|4|40|6|0|0|BoomEffect/Boom01.prefab|BoomEffect/Boom01.prefab|2009|1|0|10
208|2009|(원거리)Witch_Fire|3|425|6000|520|50|5|500|0|1|6|60|6|0|0|BoomEffect/Boom01.prefab|BoomEffect/Boom01.prefab|2009|1|0|10
209|2009|(원거리)Witch_Fire|4|500|6600|580|50|5|500|0|1|8|80|6|0|0|BoomEffect/Boom01.prefab|BoomEffect/Boom01.prefab|2009|1|0|10
210|2009|(원거리)Witch_Fire|5|575|7200|640|50|5|500|0|1|10|100|6|0|0|BoomEffect/Boom01.prefab|BoomEffect/Boom01.prefab|2009|1|0|10
211|2009|(원거리)Witch_Fire|6|650|7800|700|50|5|500|0|1|12|120|6|0|0|BoomEffect/Boom01.prefab|BoomEffect/Boom01.prefab|2009|1|0|10
212|2009|(원거리)Witch_Fire|7|725|8400|760|50|5|500|0|1|14|140|6|0|0|BoomEffect/Boom01.prefab|BoomEffect/Boom01.prefab|2009|1|0|10
213|2009|(원거리)Witch_Fire|8|800|9000|820|50|5|500|0|1|16|160|6|0|0|BoomEffect/Boom01.prefab|BoomEffect/Boom01.prefab|2009|1|0|10
214|2009|(원거리)Witch_Fire|9|875|9600|880|50|5|500|0|1|18|180|6|0|0|BoomEffect/Boom01.prefab|BoomEffect/Boom01.prefab|2009|1|0|10
215|2009|(원거리)Witch_Fire|10|950|10200|940|50|5|500|0|1|20|200|6|0|0|BoomEffect/Boom01.prefab|BoomEffect/Boom01.prefab|2009|1|0|10
216|2009|(원거리)Witch_Fire|11|1025|10800|1000|50|5|500|0|1|22|220|6|0|0|BoomEffect/Boom01.prefab|BoomEffect/Boom01.prefab|2009|1|0|10
217|2009|(원거리)Witch_Fire|12|1100|11400|1060|50|5|500|0|1|24|240|6|0|0|BoomEffect/Boom01.prefab|BoomEffect/Boom01.prefab|2009|1|0|10
218|2009|(원거리)Witch_Fire|13|1175|12000|1120|50|5|500|0|1|26|260|6|0|0|BoomEffect/Boom01.prefab|BoomEffect/Boom01.prefab|2009|1|0|10
219|2009|(원거리)Witch_Fire|14|1250|12600|1180|50|5|500|0|1|28|280|6|0|0|BoomEffect/Boom01.prefab|BoomEffect/Boom01.prefab|2009|1|0|10
220|2009|(원거리)Witch_Fire|15|1325|13200|1240|50|5|500|0|1|30|300|6|0|0|BoomEffect/Boom01.prefab|BoomEffect/Boom01.prefab|2009|1|0|10
221|2009|(원거리)Witch_Fire|16|1400|13800|1300|50|5|500|0|1|32|320|6|0|0|BoomEffect/Boom01.prefab|BoomEffect/Boom01.prefab|2009|1|0|10
222|2009|(원거리)Witch_Fire|17|1475|14400|1360|50|5|500|0|1|34|340|6|0|0|BoomEffect/Boom01.prefab|BoomEffect/Boom01.prefab|2009|1|0|10
223|2009|(원거리)Witch_Fire|18|1550|15000|1420|50|5|500|0|1|36|360|6|0|0|BoomEffect/Boom01.prefab|BoomEffect/Boom01.prefab|2009|1|0|10
224|2009|(원거리)Witch_Fire|19|1625|15600|1480|50|5|500|0|1|38|380|6|0|0|BoomEffect/Boom01.prefab|BoomEffect/Boom01.prefab|2009|1|0|10
225|2009|(원거리)Witch_Fire|20|1700|16200|1540|50|5|500|0|1|40|400|6|0|0|BoomEffect/Boom01.prefab|BoomEffect/Boom01.prefab|2009|1|0|10
226|2010|(원거리)Witch_Thunder|1|275|7200|120|50|5|250|0|1|2|20|6|0|0|BoomEffect/Boom01.prefab|BoomEffect/Boom01.prefab|2010|1|0|10
227|2010|(원거리)Witch_Thunder|2|350|7800|150|50|5|250|0|1|4|40|6|0|0|BoomEffect/Boom01.prefab|BoomEffect/Boom01.prefab|2010|1|0|10
228|2010|(원거리)Witch_Thunder|3|425|8400|180|50|5|250|0|1|6|60|6|0|0|BoomEffect/Boom01.prefab|BoomEffect/Boom01.prefab|2010|1|0|10
229|2010|(원거리)Witch_Thunder|4|500|9000|210|50|5|250|0|1|8|80|6|0|0|BoomEffect/Boom01.prefab|BoomEffect/Boom01.prefab|2010|1|0|10
230|2010|(원거리)Witch_Thunder|5|575|9600|240|50|5|250|0|1|10|100|6|0|0|BoomEffect/Boom01.prefab|BoomEffect/Boom01.prefab|2010|1|0|10
231|2010|(원거리)Witch_Thunder|6|650|10200|270|50|5|250|0|1|12|120|6|0|0|BoomEffect/Boom01.prefab|BoomEffect/Boom01.prefab|2010|1|0|10
232|2010|(원거리)Witch_Thunder|7|725|10800|300|50|5|250|0|1|14|140|6|0|0|BoomEffect/Boom01.prefab|BoomEffect/Boom01.prefab|2010|1|0|10
233|2010|(원거리)Witch_Thunder|8|800|11400|330|50|5|250|0|1|16|160|6|0|0|BoomEffect/Boom01.prefab|BoomEffect/Boom01.prefab|2010|1|0|10
234|2010|(원거리)Witch_Thunder|9|875|12000|360|50|5|250|0|1|18|180|6|0|0|BoomEffect/Boom01.prefab|BoomEffect/Boom01.prefab|2010|1|0|10
235|2010|(원거리)Witch_Thunder|10|950|12600|390|50|5|250|0|1|20|200|6|0|0|BoomEffect/Boom01.prefab|BoomEffect/Boom01.prefab|2010|1|0|10
236|2010|(원거리)Witch_Thunder|11|1025|13200|420|50|5|250|0|1|22|220|6|0|0|BoomEffect/Boom01.prefab|BoomEffect/Boom01.prefab|2010|1|0|10
237|2010|(원거리)Witch_Thunder|12|1100|13800|450|50|5|250|0|1|24|240|6|0|0|BoomEffect/Boom01.prefab|BoomEffect/Boom01.prefab|2010|1|0|10
238|2010|(원거리)Witch_Thunder|13|1175|14400|480|50|5|250|0|1|26|260|6|0|0|BoomEffect/Boom01.prefab|BoomEffect/Boom01.prefab|2010|1|0|10
239|2010|(원거리)Witch_Thunder|14|1250|15000|510|50|5|250|0|1|28|280|6|0|0|BoomEffect/Boom01.prefab|BoomEffect/Boom01.prefab|2010|1|0|10
240|2010|(원거리)Witch_Thunder|15|1325|15600|540|50|5|250|0|1|30|300|6|0|0|BoomEffect/Boom01.prefab|BoomEffect/Boom01.prefab|2010|1|0|10
241|2010|(원거리)Witch_Thunder|16|1400|16200|570|50|5|250|0|1|32|320|6|0|0|BoomEffect/Boom01.prefab|BoomEffect/Boom01.prefab|2010|1|0|10
242|2010|(원거리)Witch_Thunder|17|1475|16800|600|50|5|250|0|1|34|340|6|0|0|BoomEffect/Boom01.prefab|BoomEffect/Boom01.prefab|2010|1|0|10
243|2010|(원거리)Witch_Thunder|18|1550|17400|630|50|5|250|0|1|36|360|6|0|0|BoomEffect/Boom01.prefab|BoomEffect/Boom01.prefab|2010|1|0|10
244|2010|(원거리)Witch_Thunder|19|1625|18000|660|50|5|250|0|1|38|380|6|0|0|BoomEffect/Boom01.prefab|BoomEffect/Boom01.prefab|2010|1|0|10
245|2010|(원거리)Witch_Thunder|20|1700|18600|690|50|5|250|0|1|40|400|6|0|0|BoomEffect/Boom01.prefab|BoomEffect/Boom01.prefab|2010|1|0|10
246|2011|(원거리)Witch_Poison|1|275|6000|512|50|5|800|0|1|2|20|6|0|0|BoomEffect/Boom01.prefab|BoomEffect/Boom01.prefab|2011|1|0|10
247|2011|(원거리)Witch_Poison|2|350|6600|608|50|5|800|0|1|4|40|6|0|0|BoomEffect/Boom01.prefab|BoomEffect/Boom01.prefab|2011|1|0|10
248|2011|(원거리)Witch_Poison|3|425|7200|704|50|5|800|0|1|6|60|6|0|0|BoomEffect/Boom01.prefab|BoomEffect/Boom01.prefab|2011|1|0|10
249|2011|(원거리)Witch_Poison|4|500|7800|800|50|5|800|0|1|8|80|6|0|0|BoomEffect/Boom01.prefab|BoomEffect/Boom01.prefab|2011|1|0|10
250|2011|(원거리)Witch_Poison|5|575|8400|896|50|5|800|0|1|10|100|6|0|0|BoomEffect/Boom01.prefab|BoomEffect/Boom01.prefab|2011|1|0|10
251|2011|(원거리)Witch_Poison|6|650|9000|992|50|5|800|0|1|12|120|6|0|0|BoomEffect/Boom01.prefab|BoomEffect/Boom01.prefab|2011|1|0|10
252|2011|(원거리)Witch_Poison|7|725|9600|1088|50|5|800|0|1|14|140|6|0|0|BoomEffect/Boom01.prefab|BoomEffect/Boom01.prefab|2011|1|0|10
253|2011|(원거리)Witch_Poison|8|800|10200|1184|50|5|800|0|1|16|160|6|0|0|BoomEffect/Boom01.prefab|BoomEffect/Boom01.prefab|2011|1|0|10
254|2011|(원거리)Witch_Poison|9|875|10800|1280|50|5|800|0|1|18|180|6|0|0|BoomEffect/Boom01.prefab|BoomEffect/Boom01.prefab|2011|1|0|10
255|2011|(원거리)Witch_Poison|10|950|11400|1376|50|5|800|0|1|20|200|6|0|0|BoomEffect/Boom01.prefab|BoomEffect/Boom01.prefab|2011|1|0|10
256|2011|(원거리)Witch_Poison|11|1025|12000|1472|50|5|800|0|1|22|220|6|0|0|BoomEffect/Boom01.prefab|BoomEffect/Boom01.prefab|2011|1|0|10
257|2011|(원거리)Witch_Poison|12|1100|12600|1568|50|5|800|0|1|24|240|6|0|0|BoomEffect/Boom01.prefab|BoomEffect/Boom01.prefab|2011|1|0|10
258|2011|(원거리)Witch_Poison|13|1175|13200|1664|50|5|800|0|1|26|260|6|0|0|BoomEffect/Boom01.prefab|BoomEffect/Boom01.prefab|2011|1|0|10
259|2011|(원거리)Witch_Poison|14|1250|13800|1760|50|5|800|0|1|28|280|6|0|0|BoomEffect/Boom01.prefab|BoomEffect/Boom01.prefab|2011|1|0|10
260|2011|(원거리)Witch_Poison|15|1325|14400|1856|50|5|800|0|1|30|300|6|0|0|BoomEffect/Boom01.prefab|BoomEffect/Boom01.prefab|2011|1|0|10
261|2011|(원거리)Witch_Poison|16|1400|15000|1952|50|5|800|0|1|32|320|6|0|0|BoomEffect/Boom01.prefab|BoomEffect/Boom01.prefab|2011|1|0|10
262|2011|(원거리)Witch_Poison|17|1475|15600|2048|50|5|800|0|1|34|340|6|0|0|BoomEffect/Boom01.prefab|BoomEffect/Boom01.prefab|2011|1|0|10
263|2011|(원거리)Witch_Poison|18|1550|16200|2144|50|5|800|0|1|36|360|6|0|0|BoomEffect/Boom01.prefab|BoomEffect/Boom01.prefab|2011|1|0|10
264|2011|(원거리)Witch_Poison|19|1625|16800|2240|50|5|800|0|1|38|380|6|0|0|BoomEffect/Boom01.prefab|BoomEffect/Boom01.prefab|2011|1|0|10
265|2011|(원거리)Witch_Poison|20|1700|17400|2336|50|5|800|0|1|40|400|6|0|0|BoomEffect/Boom01.prefab|BoomEffect/Boom01.prefab|2011|1|0|10
266|2012|(원거리)Goblin_Stone|1|239|1050|168|50|5|600|0|3|2|20|4|0|0|BoomEffect/Boom01.prefab|BoomEffect/Boom01.prefab|2012|1|0|10
267|2012|(원거리)Goblin_Stone|2|302|1250|176|50|5|600|0|3|4|40|4|0|0|BoomEffect/Boom01.prefab|BoomEffect/Boom01.prefab|2012|1|0|10
268|2012|(원거리)Goblin_Stone|3|364|1450|184|50|5|600|0|3|6|60|4|0|0|BoomEffect/Boom01.prefab|BoomEffect/Boom01.prefab|2012|1|0|10
269|2012|(원거리)Goblin_Stone|4|427|1650|192|50|5|600|0|3|8|80|4|0|0|BoomEffect/Boom01.prefab|BoomEffect/Boom01.prefab|2012|1|0|10
270|2012|(원거리)Goblin_Stone|5|489|1850|200|50|5|600|0|3|10|100|4|0|0|BoomEffect/Boom01.prefab|BoomEffect/Boom01.prefab|2012|1|0|10
271|2012|(원거리)Goblin_Stone|6|552|2050|208|50|5|600|0|3|12|120|4|0|0|BoomEffect/Boom01.prefab|BoomEffect/Boom01.prefab|2012|1|0|10
272|2012|(원거리)Goblin_Stone|7|614|2250|216|50|5|600|0|3|14|140|4|0|0|BoomEffect/Boom01.prefab|BoomEffect/Boom01.prefab|2012|1|0|10
273|2012|(원거리)Goblin_Stone|8|677|2450|224|50|5|600|0|3|16|160|4|0|0|BoomEffect/Boom01.prefab|BoomEffect/Boom01.prefab|2012|1|0|10
274|2012|(원거리)Goblin_Stone|9|739|2650|232|50|5|600|0|3|18|180|4|0|0|BoomEffect/Boom01.prefab|BoomEffect/Boom01.prefab|2012|1|0|10
275|2012|(원거리)Goblin_Stone|10|802|2850|240|50|5|600|0|3|20|200|4|0|0|BoomEffect/Boom01.prefab|BoomEffect/Boom01.prefab|2012|1|0|10
276|2012|(원거리)Goblin_Stone|11|864|3050|248|50|5|600|0|3|22|220|4|0|0|BoomEffect/Boom01.prefab|BoomEffect/Boom01.prefab|2012|1|0|10
277|2012|(원거리)Goblin_Stone|12|927|3250|256|50|5|600|0|3|24|240|4|0|0|BoomEffect/Boom01.prefab|BoomEffect/Boom01.prefab|2012|1|0|10
278|2012|(원거리)Goblin_Stone|13|989|3450|264|50|5|600|0|3|26|260|4|0|0|BoomEffect/Boom01.prefab|BoomEffect/Boom01.prefab|2012|1|0|10
279|2012|(원거리)Goblin_Stone|14|1052|3650|272|50|5|600|0|3|28|280|4|0|0|BoomEffect/Boom01.prefab|BoomEffect/Boom01.prefab|2012|1|0|10
280|2012|(원거리)Goblin_Stone|15|1114|3850|280|50|5|600|0|3|30|300|4|0|0|BoomEffect/Boom01.prefab|BoomEffect/Boom01.prefab|2012|1|0|10
281|2012|(원거리)Goblin_Stone|16|1177|4050|288|50|5|600|0|3|32|320|4|0|0|BoomEffect/Boom01.prefab|BoomEffect/Boom01.prefab|2012|1|0|10
282|2012|(원거리)Goblin_Stone|17|1239|4250|296|50|5|600|0|3|34|340|4|0|0|BoomEffect/Boom01.prefab|BoomEffect/Boom01.prefab|2012|1|0|10
283|2012|(원거리)Goblin_Stone|18|1302|4450|304|50|5|600|0|3|36|360|4|0|0|BoomEffect/Boom01.prefab|BoomEffect/Boom01.prefab|2012|1|0|10
284|2012|(원거리)Goblin_Stone|19|1364|4650|312|50|5|600|0|3|38|380|4|0|0|BoomEffect/Boom01.prefab|BoomEffect/Boom01.prefab|2012|1|0|10
285|2012|(원거리)Goblin_Stone|20|1427|4850|320|50|5|600|0|3|40|400|4|0|0|BoomEffect/Boom01.prefab|BoomEffect/Boom01.prefab|2012|1|0|10
286|2013|(근거리)Goblin_Club|1|239|2920|280|5|5|1000|0|3|2|20|4|0|0|BoomEffect/Boom01.prefab|BoomEffect/Boom01.prefab|2013|1|0|10
287|2013|(근거리)Goblin_Club|2|302|3253|300|5|5|1000|0|3|4|40|4|0|0|BoomEffect/Boom01.prefab|BoomEffect/Boom01.prefab|2013|1|0|10
288|2013|(근거리)Goblin_Club|3|364|3586|320|5|5|1000|0|3|6|60|4|0|0|BoomEffect/Boom01.prefab|BoomEffect/Boom01.prefab|2013|1|0|10
289|2013|(근거리)Goblin_Club|4|427|3919|340|5|5|1000|0|3|8|80|4|0|0|BoomEffect/Boom01.prefab|BoomEffect/Boom01.prefab|2013|1|0|10
290|2013|(근거리)Goblin_Club|5|489|4252|360|5|5|1000|0|3|10|100|4|0|0|BoomEffect/Boom01.prefab|BoomEffect/Boom01.prefab|2013|1|0|10
291|2013|(근거리)Goblin_Club|6|552|4585|380|5|5|1000|0|3|12|120|4|0|0|BoomEffect/Boom01.prefab|BoomEffect/Boom01.prefab|2013|1|0|10
292|2013|(근거리)Goblin_Club|7|614|4918|400|5|5|1000|0|3|14|140|4|0|0|BoomEffect/Boom01.prefab|BoomEffect/Boom01.prefab|2013|1|0|10
293|2013|(근거리)Goblin_Club|8|677|5251|420|5|5|1000|0|3|16|160|4|0|0|BoomEffect/Boom01.prefab|BoomEffect/Boom01.prefab|2013|1|0|10
294|2013|(근거리)Goblin_Club|9|739|5584|440|5|5|1000|0|3|18|180|4|0|0|BoomEffect/Boom01.prefab|BoomEffect/Boom01.prefab|2013|1|0|10
295|2013|(근거리)Goblin_Club|10|802|5917|460|5|5|1000|0|3|20|200|4|0|0|BoomEffect/Boom01.prefab|BoomEffect/Boom01.prefab|2013|1|0|10
296|2013|(근거리)Goblin_Club|11|864|6250|480|5|5|1000|0|3|22|220|4|0|0|BoomEffect/Boom01.prefab|BoomEffect/Boom01.prefab|2013|1|0|10
297|2013|(근거리)Goblin_Club|12|927|6583|500|5|5|1000|0|3|24|240|4|0|0|BoomEffect/Boom01.prefab|BoomEffect/Boom01.prefab|2013|1|0|10
298|2013|(근거리)Goblin_Club|13|989|6916|520|5|5|1000|0|3|26|260|4|0|0|BoomEffect/Boom01.prefab|BoomEffect/Boom01.prefab|2013|1|0|10
299|2013|(근거리)Goblin_Club|14|1052|7249|540|5|5|1000|0|3|28|280|4|0|0|BoomEffect/Boom01.prefab|BoomEffect/Boom01.prefab|2013|1|0|10
300|2013|(근거리)Goblin_Club|15|1114|7582|560|5|5|1000|0|3|30|300|4|0|0|BoomEffect/Boom01.prefab|BoomEffect/Boom01.prefab|2013|1|0|10
301|2013|(근거리)Goblin_Club|16|1177|7915|580|5|5|1000|0|3|32|320|4|0|0|BoomEffect/Boom01.prefab|BoomEffect/Boom01.prefab|2013|1|0|10
302|2013|(근거리)Goblin_Club|17|1239|8248|600|5|5|1000|0|3|34|340|4|0|0|BoomEffect/Boom01.prefab|BoomEffect/Boom01.prefab|2013|1|0|10
303|2013|(근거리)Goblin_Club|18|1302|8581|620|5|5|1000|0|3|36|360|4|0|0|BoomEffect/Boom01.prefab|BoomEffect/Boom01.prefab|2013|1|0|10
304|2013|(근거리)Goblin_Club|19|1364|8914|640|5|5|1000|0|3|38|380|4|0|0|BoomEffect/Boom01.prefab|BoomEffect/Boom01.prefab|2013|1|0|10
305|2013|(근거리)Goblin_Club|20|1427|9247|660|5|5|1000|0|3|40|400|4|0|0|BoomEffect/Boom01.prefab|BoomEffect/Boom01.prefab|2013|1|0|10
306|2014|(근거리)Goblin_Baby|1|238|1320|128|5|5|400|0|4|2|20|4|0|0|BoomEffect/Boom01.prefab|BoomEffect/Boom01.prefab|2014|1|0|10
307|2014|(근거리)Goblin_Baby|2|301|1570|132|5|5|400|0|4|4|40|4|0|0|BoomEffect/Boom01.prefab|BoomEffect/Boom01.prefab|2014|1|0|10
308|2014|(근거리)Goblin_Baby|3|363|1820|136|5|5|400|0|4|6|60|4|0|0|BoomEffect/Boom01.prefab|BoomEffect/Boom01.prefab|2014|1|0|10
309|2014|(근거리)Goblin_Baby|4|426|2070|140|5|5|400|0|4|8|80|4|0|0|BoomEffect/Boom01.prefab|BoomEffect/Boom01.prefab|2014|1|0|10
310|2014|(근거리)Goblin_Baby|5|488|2320|144|5|5|400|0|4|10|100|4|0|0|BoomEffect/Boom01.prefab|BoomEffect/Boom01.prefab|2014|1|0|10
311|2014|(근거리)Goblin_Baby|6|551|2570|148|5|5|400|0|4|12|120|4|0|0|BoomEffect/Boom01.prefab|BoomEffect/Boom01.prefab|2014|1|0|10
312|2014|(근거리)Goblin_Baby|7|613|2820|152|5|5|400|0|4|14|140|4|0|0|BoomEffect/Boom01.prefab|BoomEffect/Boom01.prefab|2014|1|0|10
313|2014|(근거리)Goblin_Baby|8|676|3070|156|5|5|400|0|4|16|160|4|0|0|BoomEffect/Boom01.prefab|BoomEffect/Boom01.prefab|2014|1|0|10
314|2014|(근거리)Goblin_Baby|9|738|3320|160|5|5|400|0|4|18|180|4|0|0|BoomEffect/Boom01.prefab|BoomEffect/Boom01.prefab|2014|1|0|10
315|2014|(근거리)Goblin_Baby|10|801|3570|164|5|5|400|0|4|20|200|4|0|0|BoomEffect/Boom01.prefab|BoomEffect/Boom01.prefab|2014|1|0|10
316|2014|(근거리)Goblin_Baby|11|863|3820|168|5|5|400|0|4|22|220|4|0|0|BoomEffect/Boom01.prefab|BoomEffect/Boom01.prefab|2014|1|0|10
317|2014|(근거리)Goblin_Baby|12|926|4070|172|5|5|400|0|4|24|240|4|0|0|BoomEffect/Boom01.prefab|BoomEffect/Boom01.prefab|2014|1|0|10
318|2014|(근거리)Goblin_Baby|13|988|4320|176|5|5|400|0|4|26|260|4|0|0|BoomEffect/Boom01.prefab|BoomEffect/Boom01.prefab|2014|1|0|10
319|2014|(근거리)Goblin_Baby|14|1051|4570|180|5|5|400|0|4|28|280|4|0|0|BoomEffect/Boom01.prefab|BoomEffect/Boom01.prefab|2014|1|0|10
320|2014|(근거리)Goblin_Baby|15|1113|4820|184|5|5|400|0|4|30|300|4|0|0|BoomEffect/Boom01.prefab|BoomEffect/Boom01.prefab|2014|1|0|10
321|2014|(근거리)Goblin_Baby|16|1176|5070|188|5|5|400|0|4|32|320|4|0|0|BoomEffect/Boom01.prefab|BoomEffect/Boom01.prefab|2014|1|0|10
322|2014|(근거리)Goblin_Baby|17|1238|5320|192|5|5|400|0|4|34|340|4|0|0|BoomEffect/Boom01.prefab|BoomEffect/Boom01.prefab|2014|1|0|10
323|2014|(근거리)Goblin_Baby|18|1301|5570|196|5|5|400|0|4|36|360|4|0|0|BoomEffect/Boom01.prefab|BoomEffect/Boom01.prefab|2014|1|0|10
324|2014|(근거리)Goblin_Baby|19|1363|5820|200|5|5|400|0|4|38|380|4|0|0|BoomEffect/Boom01.prefab|BoomEffect/Boom01.prefab|2014|1|0|10
325|2014|(근거리)Goblin_Baby|20|1426|6070|204|5|5|400|0|4|40|400|4|0|0|BoomEffect/Boom01.prefab|BoomEffect/Boom01.prefab|2014|1|0|10
326|2015|(원거리)Orc_Stone|1|275|3000|320|50|5|1000|0|2|2|20|6|0|0|BoomEffect/Boom01.prefab|BoomEffect/Boom01.prefab|2015|1|0|10
327|2015|(원거리)Orc_Stone|2|350|3300|350|50|5|1000|0|2|4|40|6|0|0|BoomEffect/Boom01.prefab|BoomEffect/Boom01.prefab|2015|1|0|10
328|2015|(원거리)Orc_Stone|3|425|3600|380|50|5|1000|0|2|6|60|6|0|0|BoomEffect/Boom01.prefab|BoomEffect/Boom01.prefab|2015|1|0|10
329|2015|(원거리)Orc_Stone|4|500|3900|410|50|5|1000|0|2|8|80|6|0|0|BoomEffect/Boom01.prefab|BoomEffect/Boom01.prefab|2015|1|0|10
330|2015|(원거리)Orc_Stone|5|575|4200|440|50|5|1000|0|2|10|100|6|0|0|BoomEffect/Boom01.prefab|BoomEffect/Boom01.prefab|2015|1|0|10
331|2015|(원거리)Orc_Stone|6|650|4500|470|50|5|1000|0|2|12|120|6|0|0|BoomEffect/Boom01.prefab|BoomEffect/Boom01.prefab|2015|1|0|10
332|2015|(원거리)Orc_Stone|7|725|4800|500|50|5|1000|0|2|14|140|6|0|0|BoomEffect/Boom01.prefab|BoomEffect/Boom01.prefab|2015|1|0|10
333|2015|(원거리)Orc_Stone|8|800|5100|530|50|5|1000|0|2|16|160|6|0|0|BoomEffect/Boom01.prefab|BoomEffect/Boom01.prefab|2015|1|0|10
334|2015|(원거리)Orc_Stone|9|875|5400|560|50|5|1000|0|2|18|180|6|0|0|BoomEffect/Boom01.prefab|BoomEffect/Boom01.prefab|2015|1|0|10
335|2015|(원거리)Orc_Stone|10|950|5700|590|50|5|1000|0|2|20|200|6|0|0|BoomEffect/Boom01.prefab|BoomEffect/Boom01.prefab|2015|1|0|10
336|2015|(원거리)Orc_Stone|11|1025|6000|620|50|5|1000|0|2|22|220|6|0|0|BoomEffect/Boom01.prefab|BoomEffect/Boom01.prefab|2015|1|0|10
337|2015|(원거리)Orc_Stone|12|1100|6300|650|50|5|1000|0|2|24|240|6|0|0|BoomEffect/Boom01.prefab|BoomEffect/Boom01.prefab|2015|1|0|10
338|2015|(원거리)Orc_Stone|13|1175|6600|680|50|5|1000|0|2|26|260|6|0|0|BoomEffect/Boom01.prefab|BoomEffect/Boom01.prefab|2015|1|0|10
339|2015|(원거리)Orc_Stone|14|1250|6900|710|50|5|1000|0|2|28|280|6|0|0|BoomEffect/Boom01.prefab|BoomEffect/Boom01.prefab|2015|1|0|10
340|2015|(원거리)Orc_Stone|15|1325|7200|740|50|5|1000|0|2|30|300|6|0|0|BoomEffect/Boom01.prefab|BoomEffect/Boom01.prefab|2015|1|0|10
341|2015|(원거리)Orc_Stone|16|1400|7500|770|50|5|1000|0|2|32|320|6|0|0|BoomEffect/Boom01.prefab|BoomEffect/Boom01.prefab|2015|1|0|10
342|2015|(원거리)Orc_Stone|17|1475|7800|800|50|5|1000|0|2|34|340|6|0|0|BoomEffect/Boom01.prefab|BoomEffect/Boom01.prefab|2015|1|0|10
343|2015|(원거리)Orc_Stone|18|1550|8100|830|50|5|1000|0|2|36|360|6|0|0|BoomEffect/Boom01.prefab|BoomEffect/Boom01.prefab|2015|1|0|10
344|2015|(원거리)Orc_Stone|19|1625|8400|860|50|5|1000|0|2|38|380|6|0|0|BoomEffect/Boom01.prefab|BoomEffect/Boom01.prefab|2015|1|0|10
345|2015|(원거리)Orc_Stone|20|1700|8700|890|50|5|1000|0|2|40|400|6|0|0|BoomEffect/Boom01.prefab|BoomEffect/Boom01.prefab|2015|1|0|10
346|2016|(근거리)Orc_Club|1|275|7000|120|5|10|1000|0|2|2|20|6|0|0|BoomEffect/Boom01.prefab|BoomEffect/Boom01.prefab|2016|1|0|10
347|2016|(근거리)Orc_Club|2|350|7500|165|5|10|1000|0|2|4|40|6|0|0|BoomEffect/Boom01.prefab|BoomEffect/Boom01.prefab|2016|1|0|10
348|2016|(근거리)Orc_Club|3|425|8000|210|5|10|1000|0|2|6|60|6|0|0|BoomEffect/Boom01.prefab|BoomEffect/Boom01.prefab|2016|1|0|10
349|2016|(근거리)Orc_Club|4|500|8500|255|5|10|1000|0|2|8|80|6|0|0|BoomEffect/Boom01.prefab|BoomEffect/Boom01.prefab|2016|1|0|10
350|2016|(근거리)Orc_Club|5|575|9000|300|5|10|1000|0|2|10|100|6|0|0|BoomEffect/Boom01.prefab|BoomEffect/Boom01.prefab|2016|1|0|10
351|2016|(근거리)Orc_Club|6|650|9500|345|5|10|1000|0|2|12|120|6|0|0|BoomEffect/Boom01.prefab|BoomEffect/Boom01.prefab|2016|1|0|10
352|2016|(근거리)Orc_Club|7|725|10000|390|5|10|1000|0|2|14|140|6|0|0|BoomEffect/Boom01.prefab|BoomEffect/Boom01.prefab|2016|1|0|10
353|2016|(근거리)Orc_Club|8|800|10500|435|5|10|1000|0|2|16|160|6|0|0|BoomEffect/Boom01.prefab|BoomEffect/Boom01.prefab|2016|1|0|10
354|2016|(근거리)Orc_Club|9|875|11000|480|5|10|1000|0|2|18|180|6|0|0|BoomEffect/Boom01.prefab|BoomEffect/Boom01.prefab|2016|1|0|10
355|2016|(근거리)Orc_Club|10|950|11500|525|5|10|1000|0|2|20|200|6|0|0|BoomEffect/Boom01.prefab|BoomEffect/Boom01.prefab|2016|1|0|10
356|2016|(근거리)Orc_Club|11|1025|12000|570|5|10|1000|0|2|22|220|6|0|0|BoomEffect/Boom01.prefab|BoomEffect/Boom01.prefab|2016|1|0|10
357|2016|(근거리)Orc_Club|12|1100|12500|615|5|10|1000|0|2|24|240|6|0|0|BoomEffect/Boom01.prefab|BoomEffect/Boom01.prefab|2016|1|0|10
358|2016|(근거리)Orc_Club|13|1175|13000|660|5|10|1000|0|2|26|260|6|0|0|BoomEffect/Boom01.prefab|BoomEffect/Boom01.prefab|2016|1|0|10
359|2016|(근거리)Orc_Club|14|1250|13500|705|5|10|1000|0|2|28|280|6|0|0|BoomEffect/Boom01.prefab|BoomEffect/Boom01.prefab|2016|1|0|10
360|2016|(근거리)Orc_Club|15|1325|14000|750|5|10|1000|0|2|30|300|6|0|0|BoomEffect/Boom01.prefab|BoomEffect/Boom01.prefab|2016|1|0|10
361|2016|(근거리)Orc_Club|16|1400|14500|795|5|10|1000|0|2|32|320|6|0|0|BoomEffect/Boom01.prefab|BoomEffect/Boom01.prefab|2016|1|0|10
362|2016|(근거리)Orc_Club|17|1475|15000|840|5|10|1000|0|2|34|340|6|0|0|BoomEffect/Boom01.prefab|BoomEffect/Boom01.prefab|2016|1|0|10
363|2016|(근거리)Orc_Club|18|1550|15500|885|5|10|1000|0|2|36|360|6|0|0|BoomEffect/Boom01.prefab|BoomEffect/Boom01.prefab|2016|1|0|10
364|2016|(근거리)Orc_Club|19|1625|16000|930|5|10|1000|0|2|38|380|6|0|0|BoomEffect/Boom01.prefab|BoomEffect/Boom01.prefab|2016|1|0|10
365|2016|(근거리)Orc_Club|20|1700|16500|975|5|10|1000|0|2|40|400|6|0|0|BoomEffect/Boom01.prefab|BoomEffect/Boom01.prefab|2016|1|0|10
366|2017|(근거리)Dragon|1|312|9000|1080|7|10|1000|0|1|2|20|8|0|0|BoomEffect/Boom01.prefab|BoomEffect/Boom01.prefab|2017|1|0|10
367|2017|(근거리)Dragon|2|400|10000|1260|7|10|1000|0|1|4|40|8|0|0|BoomEffect/Boom01.prefab|BoomEffect/Boom01.prefab|2017|1|0|10
368|2017|(근거리)Dragon|3|487|11000|1440|7|10|1000|0|1|6|60|8|0|0|BoomEffect/Boom01.prefab|BoomEffect/Boom01.prefab|2017|1|0|10
369|2017|(근거리)Dragon|4|575|12000|1620|7|10|1000|0|1|8|80|8|0|0|BoomEffect/Boom01.prefab|BoomEffect/Boom01.prefab|2017|1|0|10
370|2017|(근거리)Dragon|5|662|13000|1800|7|10|1000|0|1|10|100|8|0|0|BoomEffect/Boom01.prefab|BoomEffect/Boom01.prefab|2017|1|0|10
371|2017|(근거리)Dragon|6|750|14000|1980|7|10|1000|0|1|12|120|8|0|0|BoomEffect/Boom01.prefab|BoomEffect/Boom01.prefab|2017|1|0|10
372|2017|(근거리)Dragon|7|837|15000|2160|7|10|1000|0|1|14|140|8|0|0|BoomEffect/Boom01.prefab|BoomEffect/Boom01.prefab|2017|1|0|10
373|2017|(근거리)Dragon|8|925|16000|2340|7|10|1000|0|1|16|160|8|0|0|BoomEffect/Boom01.prefab|BoomEffect/Boom01.prefab|2017|1|0|10
374|2017|(근거리)Dragon|9|1012|17000|2520|7|10|1000|0|1|18|180|8|0|0|BoomEffect/Boom01.prefab|BoomEffect/Boom01.prefab|2017|1|0|10
375|2017|(근거리)Dragon|10|1100|18000|2700|7|10|1000|0|1|20|200|8|0|0|BoomEffect/Boom01.prefab|BoomEffect/Boom01.prefab|2017|1|0|10
376|2017|(근거리)Dragon|11|1187|19000|2880|7|10|1000|0|1|22|220|8|0|0|BoomEffect/Boom01.prefab|BoomEffect/Boom01.prefab|2017|1|0|10
377|2017|(근거리)Dragon|12|1275|20000|3060|7|10|1000|0|1|24|240|8|0|0|BoomEffect/Boom01.prefab|BoomEffect/Boom01.prefab|2017|1|0|10
378|2017|(근거리)Dragon|13|1362|21000|3240|7|10|1000|0|1|26|260|8|0|0|BoomEffect/Boom01.prefab|BoomEffect/Boom01.prefab|2017|1|0|10
379|2017|(근거리)Dragon|14|1450|22000|3420|7|10|1000|0|1|28|280|8|0|0|BoomEffect/Boom01.prefab|BoomEffect/Boom01.prefab|2017|1|0|10
380|2017|(근거리)Dragon|15|1537|23000|3600|7|10|1000|0|1|30|300|8|0|0|BoomEffect/Boom01.prefab|BoomEffect/Boom01.prefab|2017|1|0|10
381|2017|(근거리)Dragon|16|1625|24000|3780|7|10|1000|0|1|32|320|8|0|0|BoomEffect/Boom01.prefab|BoomEffect/Boom01.prefab|2017|1|0|10
382|2017|(근거리)Dragon|17|1712|25000|3960|7|10|1000|0|1|34|340|8|0|0|BoomEffect/Boom01.prefab|BoomEffect/Boom01.prefab|2017|1|0|10
383|2017|(근거리)Dragon|18|1800|26000|4140|7|10|1000|0|1|36|360|8|0|0|BoomEffect/Boom01.prefab|BoomEffect/Boom01.prefab|2017|1|0|10
384|2017|(근거리)Dragon|19|1887|27000|4320|7|10|1000|0|1|38|380|8|0|0|BoomEffect/Boom01.prefab|BoomEffect/Boom01.prefab|2017|1|0|10
385|2017|(근거리)Dragon|20|1975|28000|4500|7|10|1000|0|1|40|400|8|0|0|BoomEffect/Boom01.prefab|BoomEffect/Boom01.prefab|2017|1|0|10
386|2018|(원거리)Dragon_Fire|1|312|6750|864|50|5|1200|0|1|2|20|8|0|0|BoomEffect/Boom01.prefab|BoomEffect/Boom01.prefab|2018|1|0|10
387|2018|(원거리)Dragon_Fire|2|400|7350|1008|50|5|1200|0|1|4|40|8|0|0|BoomEffect/Boom01.prefab|BoomEffect/Boom01.prefab|2018|1|0|10
388|2018|(원거리)Dragon_Fire|3|487|7950|1152|50|5|1200|0|1|6|60|8|0|0|BoomEffect/Boom01.prefab|BoomEffect/Boom01.prefab|2018|1|0|10
389|2018|(원거리)Dragon_Fire|4|575|8550|1296|50|5|1200|0|1|8|80|8|0|0|BoomEffect/Boom01.prefab|BoomEffect/Boom01.prefab|2018|1|0|10
390|2018|(원거리)Dragon_Fire|5|662|9150|1440|50|5|1200|0|1|10|100|8|0|0|BoomEffect/Boom01.prefab|BoomEffect/Boom01.prefab|2018|1|0|10
391|2018|(원거리)Dragon_Fire|6|750|9750|1584|50|5|1200|0|1|12|120|8|0|0|BoomEffect/Boom01.prefab|BoomEffect/Boom01.prefab|2018|1|0|10
392|2018|(원거리)Dragon_Fire|7|837|10350|1728|50|5|1200|0|1|14|140|8|0|0|BoomEffect/Boom01.prefab|BoomEffect/Boom01.prefab|2018|1|0|10
393|2018|(원거리)Dragon_Fire|8|925|10950|1872|50|5|1200|0|1|16|160|8|0|0|BoomEffect/Boom01.prefab|BoomEffect/Boom01.prefab|2018|1|0|10
394|2018|(원거리)Dragon_Fire|9|1012|11550|2016|50|5|1200|0|1|18|180|8|0|0|BoomEffect/Boom01.prefab|BoomEffect/Boom01.prefab|2018|1|0|10
395|2018|(원거리)Dragon_Fire|10|1100|12150|2160|50|5|1200|0|1|20|200|8|0|0|BoomEffect/Boom01.prefab|BoomEffect/Boom01.prefab|2018|1|0|10
396|2018|(원거리)Dragon_Fire|11|1187|12750|2304|50|5|1200|0|1|22|220|8|0|0|BoomEffect/Boom01.prefab|BoomEffect/Boom01.prefab|2018|1|0|10
397|2018|(원거리)Dragon_Fire|12|1275|13350|2448|50|5|1200|0|1|24|240|8|0|0|BoomEffect/Boom01.prefab|BoomEffect/Boom01.prefab|2018|1|0|10
398|2018|(원거리)Dragon_Fire|13|1362|13950|2592|50|5|1200|0|1|26|260|8|0|0|BoomEffect/Boom01.prefab|BoomEffect/Boom01.prefab|2018|1|0|10
399|2018|(원거리)Dragon_Fire|14|1450|14550|2736|50|5|1200|0|1|28|280|8|0|0|BoomEffect/Boom01.prefab|BoomEffect/Boom01.prefab|2018|1|0|10
400|2018|(원거리)Dragon_Fire|15|1537|15150|2880|50|5|1200|0|1|30|300|8|0|0|BoomEffect/Boom01.prefab|BoomEffect/Boom01.prefab|2018|1|0|10
401|2018|(원거리)Dragon_Fire|16|1625|15750|3024|50|5|1200|0|1|32|320|8|0|0|BoomEffect/Boom01.prefab|BoomEffect/Boom01.prefab|2018|1|0|10
402|2018|(원거리)Dragon_Fire|17|1712|16350|3168|50|5|1200|0|1|34|340|8|0|0|BoomEffect/Boom01.prefab|BoomEffect/Boom01.prefab|2018|1|0|10
403|2018|(원거리)Dragon_Fire|18|1800|16950|3312|50|5|1200|0|1|36|360|8|0|0|BoomEffect/Boom01.prefab|BoomEffect/Boom01.prefab|2018|1|0|10
404|2018|(원거리)Dragon_Fire|19|1887|17550|3456|50|5|1200|0|1|38|380|8|0|0|BoomEffect/Boom01.prefab|BoomEffect/Boom01.prefab|2018|1|0|10
405|2018|(원거리)Dragon_Fire|20|1975|18150|3600|50|5|1200|0|1|40|400|8|0|0|BoomEffect/Boom01.prefab|BoomEffect/Boom01.prefab|2018|1|0|10
406|2019|(근거리)Slime_Red|1|200|900|176|5|5|800|0|5|2|20|2|0|0|BoomEffect/Boom01.prefab|BoomEffect/Boom01.prefab|2019|1|0|10
407|2019|(근거리)Slime_Red|2|250|1100|181|5|5|800|0|5|4|40|2|0|0|BoomEffect/Boom01.prefab|BoomEffect/Boom01.prefab|2019|1|0|10
408|2019|(근거리)Slime_Red|3|300|1300|186|5|5|800|0|5|6|60|2|0|0|BoomEffect/Boom01.prefab|BoomEffect/Boom01.prefab|2019|1|0|10
409|2019|(근거리)Slime_Red|4|350|1500|191|5|5|800|0|5|8|80|2|0|0|BoomEffect/Boom01.prefab|BoomEffect/Boom01.prefab|2019|1|0|10
410|2019|(근거리)Slime_Red|5|400|1700|196|5|5|800|0|5|10|100|2|0|0|BoomEffect/Boom01.prefab|BoomEffect/Boom01.prefab|2019|1|0|10
411|2019|(근거리)Slime_Red|6|450|1900|201|5|5|800|0|5|12|120|2|0|0|BoomEffect/Boom01.prefab|BoomEffect/Boom01.prefab|2019|1|0|10
412|2019|(근거리)Slime_Red|7|500|2100|206|5|5|800|0|5|14|140|2|0|0|BoomEffect/Boom01.prefab|BoomEffect/Boom01.prefab|2019|1|0|10
413|2019|(근거리)Slime_Red|8|550|2300|211|5|5|800|0|5|16|160|2|0|0|BoomEffect/Boom01.prefab|BoomEffect/Boom01.prefab|2019|1|0|10
414|2019|(근거리)Slime_Red|9|600|2500|216|5|5|800|0|5|18|180|2|0|0|BoomEffect/Boom01.prefab|BoomEffect/Boom01.prefab|2019|1|0|10
415|2019|(근거리)Slime_Red|10|650|2700|221|5|5|800|0|5|20|200|2|0|0|BoomEffect/Boom01.prefab|BoomEffect/Boom01.prefab|2019|1|0|10
416|2019|(근거리)Slime_Red|11|700|2900|226|5|5|800|0|5|22|220|2|0|0|BoomEffect/Boom01.prefab|BoomEffect/Boom01.prefab|2019|1|0|10
417|2019|(근거리)Slime_Red|12|750|3100|231|5|5|800|0|5|24|240|2|0|0|BoomEffect/Boom01.prefab|BoomEffect/Boom01.prefab|2019|1|0|10
418|2019|(근거리)Slime_Red|13|800|3300|236|5|5|800|0|5|26|260|2|0|0|BoomEffect/Boom01.prefab|BoomEffect/Boom01.prefab|2019|1|0|10
419|2019|(근거리)Slime_Red|14|850|3500|241|5|5|800|0|5|28|280|2|0|0|BoomEffect/Boom01.prefab|BoomEffect/Boom01.prefab|2019|1|0|10
420|2019|(근거리)Slime_Red|15|900|3700|246|5|5|800|0|5|30|300|2|0|0|BoomEffect/Boom01.prefab|BoomEffect/Boom01.prefab|2019|1|0|10
421|2019|(근거리)Slime_Red|16|950|3900|251|5|5|800|0|5|32|320|2|0|0|BoomEffect/Boom01.prefab|BoomEffect/Boom01.prefab|2019|1|0|10
422|2019|(근거리)Slime_Red|17|1000|4100|256|5|5|800|0|5|34|340|2|0|0|BoomEffect/Boom01.prefab|BoomEffect/Boom01.prefab|2019|1|0|10
423|2019|(근거리)Slime_Red|18|1050|4300|261|5|5|800|0|5|36|360|2|0|0|BoomEffect/Boom01.prefab|BoomEffect/Boom01.prefab|2019|1|0|10
424|2019|(근거리)Slime_Red|19|1100|4500|266|5|5|800|0|5|38|380|2|0|0|BoomEffect/Boom01.prefab|BoomEffect/Boom01.prefab|2019|1|0|10
425|2019|(근거리)Slime_Red|20|1150|4700|271|5|5|800|0|5|40|400|2|0|0|BoomEffect/Boom01.prefab|BoomEffect/Boom01.prefab|2019|1|0|10
426|2020|(근거리)Slime_Yellow|1|200|900|198|5|5|900|0|5|2|20|2|0|0|BoomEffect/Boom01.prefab|BoomEffect/Boom01.prefab|2020|1|0|10
427|2020|(근거리)Slime_Yellow|2|250|1100|204|5|5|900|0|5|4|40|2|0|0|BoomEffect/Boom01.prefab|BoomEffect/Boom01.prefab|2020|1|0|10
428|2020|(근거리)Slime_Yellow|3|300|1300|210|5|5|900|0|5|6|60|2|0|0|BoomEffect/Boom01.prefab|BoomEffect/Boom01.prefab|2020|1|0|10
429|2020|(근거리)Slime_Yellow|4|350|1500|216|5|5|900|0|5|8|80|2|0|0|BoomEffect/Boom01.prefab|BoomEffect/Boom01.prefab|2020|1|0|10
430|2020|(근거리)Slime_Yellow|5|400|1700|222|5|5|900|0|5|10|100|2|0|0|BoomEffect/Boom01.prefab|BoomEffect/Boom01.prefab|2020|1|0|10
431|2020|(근거리)Slime_Yellow|6|450|1900|228|5|5|900|0|5|12|120|2|0|0|BoomEffect/Boom01.prefab|BoomEffect/Boom01.prefab|2020|1|0|10
432|2020|(근거리)Slime_Yellow|7|500|2100|234|5|5|900|0|5|14|140|2|0|0|BoomEffect/Boom01.prefab|BoomEffect/Boom01.prefab|2020|1|0|10
433|2020|(근거리)Slime_Yellow|8|550|2300|240|5|5|900|0|5|16|160|2|0|0|BoomEffect/Boom01.prefab|BoomEffect/Boom01.prefab|2020|1|0|10
434|2020|(근거리)Slime_Yellow|9|600|2500|246|5|5|900|0|5|18|180|2|0|0|BoomEffect/Boom01.prefab|BoomEffect/Boom01.prefab|2020|1|0|10
435|2020|(근거리)Slime_Yellow|10|650|2700|252|5|5|900|0|5|20|200|2|0|0|BoomEffect/Boom01.prefab|BoomEffect/Boom01.prefab|2020|1|0|10
436|2020|(근거리)Slime_Yellow|11|700|2900|258|5|5|900|0|5|22|220|2|0|0|BoomEffect/Boom01.prefab|BoomEffect/Boom01.prefab|2020|1|0|10
437|2020|(근거리)Slime_Yellow|12|750|3100|264|5|5|900|0|5|24|240|2|0|0|BoomEffect/Boom01.prefab|BoomEffect/Boom01.prefab|2020|1|0|10
438|2020|(근거리)Slime_Yellow|13|800|3300|270|5|5|900|0|5|26|260|2|0|0|BoomEffect/Boom01.prefab|BoomEffect/Boom01.prefab|2020|1|0|10
439|2020|(근거리)Slime_Yellow|14|850|3500|276|5|5|900|0|5|28|280|2|0|0|BoomEffect/Boom01.prefab|BoomEffect/Boom01.prefab|2020|1|0|10
440|2020|(근거리)Slime_Yellow|15|900|3700|282|5|5|900|0|5|30|300|2|0|0|BoomEffect/Boom01.prefab|BoomEffect/Boom01.prefab|2020|1|0|10
441|2020|(근거리)Slime_Yellow|16|950|3900|288|5|5|900|0|5|32|320|2|0|0|BoomEffect/Boom01.prefab|BoomEffect/Boom01.prefab|2020|1|0|10
442|2020|(근거리)Slime_Yellow|17|1000|4100|294|5|5|900|0|5|34|340|2|0|0|BoomEffect/Boom01.prefab|BoomEffect/Boom01.prefab|2020|1|0|10
443|2020|(근거리)Slime_Yellow|18|1050|4300|300|5|5|900|0|5|36|360|2|0|0|BoomEffect/Boom01.prefab|BoomEffect/Boom01.prefab|2020|1|0|10
444|2020|(근거리)Slime_Yellow|19|1100|4500|306|5|5|900|0|5|38|380|2|0|0|BoomEffect/Boom01.prefab|BoomEffect/Boom01.prefab|2020|1|0|10
445|2020|(근거리)Slime_Yellow|20|1150|4700|312|5|5|900|0|5|40|400|2|0|0|BoomEffect/Boom01.prefab|BoomEffect/Boom01.prefab|2020|1|0|10
446|2021|(원거리)Slime_Archer_Red|1|202|900|90|50|5|600|0|4|2|20|2|0|0|BoomEffect/Boom01.prefab|BoomEffect/Boom01.prefab|2021|1|0|10
447|2021|(원거리)Slime_Archer_Red|2|252|1050|94|50|5|600|0|4|4|40|2|0|0|BoomEffect/Boom01.prefab|BoomEffect/Boom01.prefab|2021|1|0|10
448|2021|(원거리)Slime_Archer_Red|3|302|1200|98|50|5|600|0|4|6|60|2|0|0|BoomEffect/Boom01.prefab|BoomEffect/Boom01.prefab|2021|1|0|10
449|2021|(원거리)Slime_Archer_Red|4|352|1350|102|50|5|600|0|4|8|80|2|0|0|BoomEffect/Boom01.prefab|BoomEffect/Boom01.prefab|2021|1|0|10
450|2021|(원거리)Slime_Archer_Red|5|402|1500|106|50|5|600|0|4|10|100|2|0|0|BoomEffect/Boom01.prefab|BoomEffect/Boom01.prefab|2021|1|0|10
451|2021|(원거리)Slime_Archer_Red|6|452|1650|110|50|5|600|0|4|12|120|2|0|0|BoomEffect/Boom01.prefab|BoomEffect/Boom01.prefab|2021|1|0|10
452|2021|(원거리)Slime_Archer_Red|7|502|1800|114|50|5|600|0|4|14|140|2|0|0|BoomEffect/Boom01.prefab|BoomEffect/Boom01.prefab|2021|1|0|10
453|2021|(원거리)Slime_Archer_Red|8|552|1950|118|50|5|600|0|4|16|160|2|0|0|BoomEffect/Boom01.prefab|BoomEffect/Boom01.prefab|2021|1|0|10
454|2021|(원거리)Slime_Archer_Red|9|602|2100|122|50|5|600|0|4|18|180|2|0|0|BoomEffect/Boom01.prefab|BoomEffect/Boom01.prefab|2021|1|0|10
455|2021|(원거리)Slime_Archer_Red|10|652|2250|126|50|5|600|0|4|20|200|2|0|0|BoomEffect/Boom01.prefab|BoomEffect/Boom01.prefab|2021|1|0|10
456|2021|(원거리)Slime_Archer_Red|11|702|2400|130|50|5|600|0|4|22|220|2|0|0|BoomEffect/Boom01.prefab|BoomEffect/Boom01.prefab|2021|1|0|10
457|2021|(원거리)Slime_Archer_Red|12|752|2550|134|50|5|600|0|4|24|240|2|0|0|BoomEffect/Boom01.prefab|BoomEffect/Boom01.prefab|2021|1|0|10
458|2021|(원거리)Slime_Archer_Red|13|802|2700|138|50|5|600|0|4|26|260|2|0|0|BoomEffect/Boom01.prefab|BoomEffect/Boom01.prefab|2021|1|0|10
459|2021|(원거리)Slime_Archer_Red|14|852|2850|142|50|5|600|0|4|28|280|2|0|0|BoomEffect/Boom01.prefab|BoomEffect/Boom01.prefab|2021|1|0|10
460|2021|(원거리)Slime_Archer_Red|15|902|3000|146|50|5|600|0|4|30|300|2|0|0|BoomEffect/Boom01.prefab|BoomEffect/Boom01.prefab|2021|1|0|10
461|2021|(원거리)Slime_Archer_Red|16|952|3150|150|50|5|600|0|4|32|320|2|0|0|BoomEffect/Boom01.prefab|BoomEffect/Boom01.prefab|2021|1|0|10
462|2021|(원거리)Slime_Archer_Red|17|1002|3300|154|50|5|600|0|4|34|340|2|0|0|BoomEffect/Boom01.prefab|BoomEffect/Boom01.prefab|2021|1|0|10
463|2021|(원거리)Slime_Archer_Red|18|1052|3450|158|50|5|600|0|4|36|360|2|0|0|BoomEffect/Boom01.prefab|BoomEffect/Boom01.prefab|2021|1|0|10
464|2021|(원거리)Slime_Archer_Red|19|1102|3600|162|50|5|600|0|4|38|380|2|0|0|BoomEffect/Boom01.prefab|BoomEffect/Boom01.prefab|2021|1|0|10
465|2021|(원거리)Slime_Archer_Red|20|1152|3750|166|50|5|600|0|4|40|400|2|0|0|BoomEffect/Boom01.prefab|BoomEffect/Boom01.prefab|2021|1|0|10
466|2022|(원거리)Slime_Archer_Yellow|1|202|900|105|50|5|700|0|4|2|20|2|0|0|BoomEffect/Boom01.prefab|BoomEffect/Boom01.prefab|2022|1|0|10
467|2022|(원거리)Slime_Archer_Yellow|2|252|1050|110|50|5|700|0|4|4|40|2|0|0|BoomEffect/Boom01.prefab|BoomEffect/Boom01.prefab|2022|1|0|10
468|2022|(원거리)Slime_Archer_Yellow|3|302|1200|115|50|5|700|0|4|6|60|2|0|0|BoomEffect/Boom01.prefab|BoomEffect/Boom01.prefab|2022|1|0|10
469|2022|(원거리)Slime_Archer_Yellow|4|352|1350|120|50|5|700|0|4|8|80|2|0|0|BoomEffect/Boom01.prefab|BoomEffect/Boom01.prefab|2022|1|0|10
470|2022|(원거리)Slime_Archer_Yellow|5|402|1500|125|50|5|700|0|4|10|100|2|0|0|BoomEffect/Boom01.prefab|BoomEffect/Boom01.prefab|2022|1|0|10
471|2022|(원거리)Slime_Archer_Yellow|6|452|1650|130|50|5|700|0|4|12|120|2|0|0|BoomEffect/Boom01.prefab|BoomEffect/Boom01.prefab|2022|1|0|10
472|2022|(원거리)Slime_Archer_Yellow|7|502|1800|135|50|5|700|0|4|14|140|2|0|0|BoomEffect/Boom01.prefab|BoomEffect/Boom01.prefab|2022|1|0|10
473|2022|(원거리)Slime_Archer_Yellow|8|552|1950|140|50|5|700|0|4|16|160|2|0|0|BoomEffect/Boom01.prefab|BoomEffect/Boom01.prefab|2022|1|0|10
474|2022|(원거리)Slime_Archer_Yellow|9|602|2100|145|50|5|700|0|4|18|180|2|0|0|BoomEffect/Boom01.prefab|BoomEffect/Boom01.prefab|2022|1|0|10
475|2022|(원거리)Slime_Archer_Yellow|10|652|2250|150|50|5|700|0|4|20|200|2|0|0|BoomEffect/Boom01.prefab|BoomEffect/Boom01.prefab|2022|1|0|10
476|2022|(원거리)Slime_Archer_Yellow|11|702|2400|155|50|5|700|0|4|22|220|2|0|0|BoomEffect/Boom01.prefab|BoomEffect/Boom01.prefab|2022|1|0|10
477|2022|(원거리)Slime_Archer_Yellow|12|752|2550|160|50|5|700|0|4|24|240|2|0|0|BoomEffect/Boom01.prefab|BoomEffect/Boom01.prefab|2022|1|0|10
478|2022|(원거리)Slime_Archer_Yellow|13|802|2700|165|50|5|700|0|4|26|260|2|0|0|BoomEffect/Boom01.prefab|BoomEffect/Boom01.prefab|2022|1|0|10
479|2022|(원거리)Slime_Archer_Yellow|14|852|2850|170|50|5|700|0|4|28|280|2|0|0|BoomEffect/Boom01.prefab|BoomEffect/Boom01.prefab|2022|1|0|10
480|2022|(원거리)Slime_Archer_Yellow|15|902|3000|175|50|5|700|0|4|30|300|2|0|0|BoomEffect/Boom01.prefab|BoomEffect/Boom01.prefab|2022|1|0|10
481|2022|(원거리)Slime_Archer_Yellow|16|952|3150|180|50|5|700|0|4|32|320|2|0|0|BoomEffect/Boom01.prefab|BoomEffect/Boom01.prefab|2022|1|0|10
482|2022|(원거리)Slime_Archer_Yellow|17|1002|3300|185|50|5|700|0|4|34|340|2|0|0|BoomEffect/Boom01.prefab|BoomEffect/Boom01.prefab|2022|1|0|10
483|2022|(원거리)Slime_Archer_Yellow|18|1052|3450|190|50|5|700|0|4|36|360|2|0|0|BoomEffect/Boom01.prefab|BoomEffect/Boom01.prefab|2022|1|0|10
484|2022|(원거리)Slime_Archer_Yellow|19|1102|3600|195|50|5|700|0|4|38|380|2|0|0|BoomEffect/Boom01.prefab|BoomEffect/Boom01.prefab|2022|1|0|10
485|2022|(원거리)Slime_Archer_Yellow|20|1152|3750|200|50|5|700|0|4|40|400|2|0|0|BoomEffect/Boom01.prefab|BoomEffect/Boom01.prefab|2022|1|0|10
486|2023|(근거리)Soul_Skeleton_Sword|1|275|1600|240|5|5|1000|0|5|2|20|6|0|0|BoomEffect/Boom01.prefab|BoomEffect/Boom01.prefab|2023|1|0|10
487|2023|(근거리)Soul_Skeleton_Sword|2|350|1800|247|5|5|1000|0|5|4|40|6|0|0|BoomEffect/Boom01.prefab|BoomEffect/Boom01.prefab|2023|1|0|10
488|2023|(근거리)Soul_Skeleton_Sword|3|425|2000|254|5|5|1000|0|5|6|60|6|0|0|BoomEffect/Boom01.prefab|BoomEffect/Boom01.prefab|2023|1|0|10
489|2023|(근거리)Soul_Skeleton_Sword|4|500|2200|261|5|5|1000|0|5|8|80|6|0|0|BoomEffect/Boom01.prefab|BoomEffect/Boom01.prefab|2023|1|0|10
490|2023|(근거리)Soul_Skeleton_Sword|5|575|2400|268|5|5|1000|0|5|10|100|6|0|0|BoomEffect/Boom01.prefab|BoomEffect/Boom01.prefab|2023|1|0|10
491|2023|(근거리)Soul_Skeleton_Sword|6|650|2600|275|5|5|1000|0|5|12|120|6|0|0|BoomEffect/Boom01.prefab|BoomEffect/Boom01.prefab|2023|1|0|10
492|2023|(근거리)Soul_Skeleton_Sword|7|725|2800|282|5|5|1000|0|5|14|140|6|0|0|BoomEffect/Boom01.prefab|BoomEffect/Boom01.prefab|2023|1|0|10
493|2023|(근거리)Soul_Skeleton_Sword|8|800|3000|289|5|5|1000|0|5|16|160|6|0|0|BoomEffect/Boom01.prefab|BoomEffect/Boom01.prefab|2023|1|0|10
494|2023|(근거리)Soul_Skeleton_Sword|9|875|3200|296|5|5|1000|0|5|18|180|6|0|0|BoomEffect/Boom01.prefab|BoomEffect/Boom01.prefab|2023|1|0|10
495|2023|(근거리)Soul_Skeleton_Sword|10|950|3400|303|5|5|1000|0|5|20|200|6|0|0|BoomEffect/Boom01.prefab|BoomEffect/Boom01.prefab|2023|1|0|10
496|2023|(근거리)Soul_Skeleton_Sword|11|1025|3600|310|5|5|1000|0|5|22|220|6|0|0|BoomEffect/Boom01.prefab|BoomEffect/Boom01.prefab|2023|1|0|10
497|2023|(근거리)Soul_Skeleton_Sword|12|1100|3800|317|5|5|1000|0|5|24|240|6|0|0|BoomEffect/Boom01.prefab|BoomEffect/Boom01.prefab|2023|1|0|10
498|2023|(근거리)Soul_Skeleton_Sword|13|1175|4000|324|5|5|1000|0|5|26|260|6|0|0|BoomEffect/Boom01.prefab|BoomEffect/Boom01.prefab|2023|1|0|10
499|2023|(근거리)Soul_Skeleton_Sword|14|1250|4200|331|5|5|1000|0|5|28|280|6|0|0|BoomEffect/Boom01.prefab|BoomEffect/Boom01.prefab|2023|1|0|10
500|2023|(근거리)Soul_Skeleton_Sword|15|1325|4400|338|5|5|1000|0|5|30|300|6|0|0|BoomEffect/Boom01.prefab|BoomEffect/Boom01.prefab|2023|1|0|10
501|2023|(근거리)Soul_Skeleton_Sword|16|1400|4600|345|5|5|1000|0|5|32|320|6|0|0|BoomEffect/Boom01.prefab|BoomEffect/Boom01.prefab|2023|1|0|10
502|2023|(근거리)Soul_Skeleton_Sword|17|1475|4800|352|5|5|1000|0|5|34|340|6|0|0|BoomEffect/Boom01.prefab|BoomEffect/Boom01.prefab|2023|1|0|10
503|2023|(근거리)Soul_Skeleton_Sword|18|1550|5000|359|5|5|1000|0|5|36|360|6|0|0|BoomEffect/Boom01.prefab|BoomEffect/Boom01.prefab|2023|1|0|10
504|2023|(근거리)Soul_Skeleton_Sword|19|1625|5200|366|5|5|1000|0|5|38|380|6|0|0|BoomEffect/Boom01.prefab|BoomEffect/Boom01.prefab|2023|1|0|10
505|2023|(근거리)Soul_Skeleton_Sword|20|1700|5400|373|5|5|1000|0|5|40|400|6|0|0|BoomEffect/Boom01.prefab|BoomEffect/Boom01.prefab|2023|1|0|10
506|2024|(원거리)Soul_Skeleton_Archer|1|275|1200|120|50|5|600|0|4|2|20|6|0|0|BoomEffect/Boom01.prefab|BoomEffect/Boom01.prefab|2024|1|0|10
507|2024|(원거리)Soul_Skeleton_Archer|2|350|1350|124|50|5|600|0|4|4|40|6|0|0|BoomEffect/Boom01.prefab|BoomEffect/Boom01.prefab|2024|1|0|10
508|2024|(원거리)Soul_Skeleton_Archer|3|425|1500|128|50|5|600|0|4|6|60|6|0|0|BoomEffect/Boom01.prefab|BoomEffect/Boom01.prefab|2024|1|0|10
509|2024|(원거리)Soul_Skeleton_Archer|4|500|1650|132|50|5|600|0|4|8|80|6|0|0|BoomEffect/Boom01.prefab|BoomEffect/Boom01.prefab|2024|1|0|10
510|2024|(원거리)Soul_Skeleton_Archer|5|575|1800|136|50|5|600|0|4|10|100|6|0|0|BoomEffect/Boom01.prefab|BoomEffect/Boom01.prefab|2024|1|0|10
511|2024|(원거리)Soul_Skeleton_Archer|6|650|1950|140|50|5|600|0|4|12|120|6|0|0|BoomEffect/Boom01.prefab|BoomEffect/Boom01.prefab|2024|1|0|10
512|2024|(원거리)Soul_Skeleton_Archer|7|725|2100|144|50|5|600|0|4|14|140|6|0|0|BoomEffect/Boom01.prefab|BoomEffect/Boom01.prefab|2024|1|0|10
513|2024|(원거리)Soul_Skeleton_Archer|8|800|2250|148|50|5|600|0|4|16|160|6|0|0|BoomEffect/Boom01.prefab|BoomEffect/Boom01.prefab|2024|1|0|10
514|2024|(원거리)Soul_Skeleton_Archer|9|875|2400|152|50|5|600|0|4|18|180|6|0|0|BoomEffect/Boom01.prefab|BoomEffect/Boom01.prefab|2024|1|0|10
515|2024|(원거리)Soul_Skeleton_Archer|10|950|2550|156|50|5|600|0|4|20|200|6|0|0|BoomEffect/Boom01.prefab|BoomEffect/Boom01.prefab|2024|1|0|10
516|2024|(원거리)Soul_Skeleton_Archer|11|1025|2700|160|50|5|600|0|4|22|220|6|0|0|BoomEffect/Boom01.prefab|BoomEffect/Boom01.prefab|2024|1|0|10
517|2024|(원거리)Soul_Skeleton_Archer|12|1100|2850|164|50|5|600|0|4|24|240|6|0|0|BoomEffect/Boom01.prefab|BoomEffect/Boom01.prefab|2024|1|0|10
518|2024|(원거리)Soul_Skeleton_Archer|13|1175|3000|168|50|5|600|0|4|26|260|6|0|0|BoomEffect/Boom01.prefab|BoomEffect/Boom01.prefab|2024|1|0|10
519|2024|(원거리)Soul_Skeleton_Archer|14|1250|3150|172|50|5|600|0|4|28|280|6|0|0|BoomEffect/Boom01.prefab|BoomEffect/Boom01.prefab|2024|1|0|10
520|2024|(원거리)Soul_Skeleton_Archer|15|1325|3300|176|50|5|600|0|4|30|300|6|0|0|BoomEffect/Boom01.prefab|BoomEffect/Boom01.prefab|2024|1|0|10
521|2024|(원거리)Soul_Skeleton_Archer|16|1400|3450|180|50|5|600|0|4|32|320|6|0|0|BoomEffect/Boom01.prefab|BoomEffect/Boom01.prefab|2024|1|0|10
522|2024|(원거리)Soul_Skeleton_Archer|17|1475|3600|184|50|5|600|0|4|34|340|6|0|0|BoomEffect/Boom01.prefab|BoomEffect/Boom01.prefab|2024|1|0|10
523|2024|(원거리)Soul_Skeleton_Archer|18|1550|3750|188|50|5|600|0|4|36|360|6|0|0|BoomEffect/Boom01.prefab|BoomEffect/Boom01.prefab|2024|1|0|10
524|2024|(원거리)Soul_Skeleton_Archer|19|1625|3900|192|50|5|600|0|4|38|380|6|0|0|BoomEffect/Boom01.prefab|BoomEffect/Boom01.prefab|2024|1|0|10
525|2024|(원거리)Soul_Skeleton_Archer|20|1700|4050|196|50|5|600|0|4|40|400|6|0|0|BoomEffect/Boom01.prefab|BoomEffect/Boom01.prefab|2024|1|0|10
526|2025|(원거리)Soul_Skeleton_Witch|1|276|2000|66|50|5|300|0|3|2|20|6|0|0|BoomEffect/Boom01.prefab|BoomEffect/Boom01.prefab|2025|1|0|10
527|2025|(원거리)Soul_Skeleton_Witch|2|351|2200|70|50|5|300|0|3|4|40|6|0|0|BoomEffect/Boom01.prefab|BoomEffect/Boom01.prefab|2025|1|0|10
528|2025|(원거리)Soul_Skeleton_Witch|3|426|2400|74|50|5|300|0|3|6|60|6|0|0|BoomEffect/Boom01.prefab|BoomEffect/Boom01.prefab|2025|1|0|10
529|2025|(원거리)Soul_Skeleton_Witch|4|501|2600|78|50|5|300|0|3|8|80|6|0|0|BoomEffect/Boom01.prefab|BoomEffect/Boom01.prefab|2025|1|0|10
530|2025|(원거리)Soul_Skeleton_Witch|5|576|2800|82|50|5|300|0|3|10|100|6|0|0|BoomEffect/Boom01.prefab|BoomEffect/Boom01.prefab|2025|1|0|10
531|2025|(원거리)Soul_Skeleton_Witch|6|651|3000|86|50|5|300|0|3|12|120|6|0|0|BoomEffect/Boom01.prefab|BoomEffect/Boom01.prefab|2025|1|0|10
532|2025|(원거리)Soul_Skeleton_Witch|7|726|3200|90|50|5|300|0|3|14|140|6|0|0|BoomEffect/Boom01.prefab|BoomEffect/Boom01.prefab|2025|1|0|10
533|2025|(원거리)Soul_Skeleton_Witch|8|801|3400|94|50|5|300|0|3|16|160|6|0|0|BoomEffect/Boom01.prefab|BoomEffect/Boom01.prefab|2025|1|0|10
534|2025|(원거리)Soul_Skeleton_Witch|9|876|3600|98|50|5|300|0|3|18|180|6|0|0|BoomEffect/Boom01.prefab|BoomEffect/Boom01.prefab|2025|1|0|10
535|2025|(원거리)Soul_Skeleton_Witch|10|951|3800|102|50|5|300|0|3|20|200|6|0|0|BoomEffect/Boom01.prefab|BoomEffect/Boom01.prefab|2025|1|0|10
536|2025|(원거리)Soul_Skeleton_Witch|11|1026|4000|106|50|5|300|0|3|22|220|6|0|0|BoomEffect/Boom01.prefab|BoomEffect/Boom01.prefab|2025|1|0|10
537|2025|(원거리)Soul_Skeleton_Witch|12|1101|4200|110|50|5|300|0|3|24|240|6|0|0|BoomEffect/Boom01.prefab|BoomEffect/Boom01.prefab|2025|1|0|10
538|2025|(원거리)Soul_Skeleton_Witch|13|1176|4400|114|50|5|300|0|3|26|260|6|0|0|BoomEffect/Boom01.prefab|BoomEffect/Boom01.prefab|2025|1|0|10
539|2025|(원거리)Soul_Skeleton_Witch|14|1251|4600|118|50|5|300|0|3|28|280|6|0|0|BoomEffect/Boom01.prefab|BoomEffect/Boom01.prefab|2025|1|0|10
540|2025|(원거리)Soul_Skeleton_Witch|15|1326|4800|122|50|5|300|0|3|30|300|6|0|0|BoomEffect/Boom01.prefab|BoomEffect/Boom01.prefab|2025|1|0|10
541|2025|(원거리)Soul_Skeleton_Witch|16|1401|5000|126|50|5|300|0|3|32|320|6|0|0|BoomEffect/Boom01.prefab|BoomEffect/Boom01.prefab|2025|1|0|10
542|2025|(원거리)Soul_Skeleton_Witch|17|1476|5200|130|50|5|300|0|3|34|340|6|0|0|BoomEffect/Boom01.prefab|BoomEffect/Boom01.prefab|2025|1|0|10
543|2025|(원거리)Soul_Skeleton_Witch|18|1551|5400|134|50|5|300|0|3|36|360|6|0|0|BoomEffect/Boom01.prefab|BoomEffect/Boom01.prefab|2025|1|0|10
544|2025|(원거리)Soul_Skeleton_Witch|19|1626|5600|138|50|5|300|0|3|38|380|6|0|0|BoomEffect/Boom01.prefab|BoomEffect/Boom01.prefab|2025|1|0|10
545|2025|(원거리)Soul_Skeleton_Witch|20|1701|5800|142|50|5|300|0|3|40|400|6|0|0|BoomEffect/Boom01.prefab|BoomEffect/Boom01.prefab|2025|1|0|10
546|2026|(원거리)Golem_Stone|1|239|2450|80|50|5|800|0|3|2|20|4|0|0|BoomEffect/Boom01.prefab|BoomEffect/Boom01.prefab|2026|1|0|10
547|2026|(원거리)Golem_Stone|2|302|2650|90|50|5|800|0|3|4|40|4|0|0|BoomEffect/Boom01.prefab|BoomEffect/Boom01.prefab|2026|1|0|10
548|2026|(원거리)Golem_Stone|3|364|2850|100|50|5|800|0|3|6|60|4|0|0|BoomEffect/Boom01.prefab|BoomEffect/Boom01.prefab|2026|1|0|10
549|2026|(원거리)Golem_Stone|4|427|3050|110|50|5|800|0|3|8|80|4|0|0|BoomEffect/Boom01.prefab|BoomEffect/Boom01.prefab|2026|1|0|10
550|2026|(원거리)Golem_Stone|5|489|3250|120|50|5|800|0|3|10|100|4|0|0|BoomEffect/Boom01.prefab|BoomEffect/Boom01.prefab|2026|1|0|10
551|2026|(원거리)Golem_Stone|6|552|3450|130|50|5|800|0|3|12|120|4|0|0|BoomEffect/Boom01.prefab|BoomEffect/Boom01.prefab|2026|1|0|10
552|2026|(원거리)Golem_Stone|7|614|3650|140|50|5|800|0|3|14|140|4|0|0|BoomEffect/Boom01.prefab|BoomEffect/Boom01.prefab|2026|1|0|10
553|2026|(원거리)Golem_Stone|8|677|3850|150|50|5|800|0|3|16|160|4|0|0|BoomEffect/Boom01.prefab|BoomEffect/Boom01.prefab|2026|1|0|10
554|2026|(원거리)Golem_Stone|9|739|4050|160|50|5|800|0|3|18|180|4|0|0|BoomEffect/Boom01.prefab|BoomEffect/Boom01.prefab|2026|1|0|10
555|2026|(원거리)Golem_Stone|10|802|4250|170|50|5|800|0|3|20|200|4|0|0|BoomEffect/Boom01.prefab|BoomEffect/Boom01.prefab|2026|1|0|10
556|2026|(원거리)Golem_Stone|11|864|4450|180|50|5|800|0|3|22|220|4|0|0|BoomEffect/Boom01.prefab|BoomEffect/Boom01.prefab|2026|1|0|10
557|2026|(원거리)Golem_Stone|12|927|4650|190|50|5|800|0|3|24|240|4|0|0|BoomEffect/Boom01.prefab|BoomEffect/Boom01.prefab|2026|1|0|10
558|2026|(원거리)Golem_Stone|13|989|4850|200|50|5|800|0|3|26|260|4|0|0|BoomEffect/Boom01.prefab|BoomEffect/Boom01.prefab|2026|1|0|10
559|2026|(원거리)Golem_Stone|14|1052|5050|210|50|5|800|0|3|28|280|4|0|0|BoomEffect/Boom01.prefab|BoomEffect/Boom01.prefab|2026|1|0|10
560|2026|(원거리)Golem_Stone|15|1114|5250|220|50|5|800|0|3|30|300|4|0|0|BoomEffect/Boom01.prefab|BoomEffect/Boom01.prefab|2026|1|0|10
561|2026|(원거리)Golem_Stone|16|1177|5450|230|50|5|800|0|3|32|320|4|0|0|BoomEffect/Boom01.prefab|BoomEffect/Boom01.prefab|2026|1|0|10
562|2026|(원거리)Golem_Stone|17|1239|5650|240|50|5|800|0|3|34|340|4|0|0|BoomEffect/Boom01.prefab|BoomEffect/Boom01.prefab|2026|1|0|10
563|2026|(원거리)Golem_Stone|18|1302|5850|250|50|5|800|0|3|36|360|4|0|0|BoomEffect/Boom01.prefab|BoomEffect/Boom01.prefab|2026|1|0|10
564|2026|(원거리)Golem_Stone|19|1364|6050|260|50|5|800|0|3|38|380|4|0|0|BoomEffect/Boom01.prefab|BoomEffect/Boom01.prefab|2026|1|0|10
565|2026|(원거리)Golem_Stone|20|1427|6250|270|50|5|800|0|3|40|400|4|0|0|BoomEffect/Boom01.prefab|BoomEffect/Boom01.prefab|2026|1|0|10
566|2027|(원거리)Golem_Fire|1|239|2450|80|50|5|800|0|3|2|20|4|0|0|BoomEffect/Boom01.prefab|BoomEffect/Boom01.prefab|2027|1|0|10
567|2027|(원거리)Golem_Fire|2|302|2650|90|50|5|800|0|3|4|40|4|0|0|BoomEffect/Boom01.prefab|BoomEffect/Boom01.prefab|2027|1|0|10
568|2027|(원거리)Golem_Fire|3|364|2850|100|50|5|800|0|3|6|60|4|0|0|BoomEffect/Boom01.prefab|BoomEffect/Boom01.prefab|2027|1|0|10
569|2027|(원거리)Golem_Fire|4|427|3050|110|50|5|800|0|3|8|80|4|0|0|BoomEffect/Boom01.prefab|BoomEffect/Boom01.prefab|2027|1|0|10
570|2027|(원거리)Golem_Fire|5|489|3250|120|50|5|800|0|3|10|100|4|0|0|BoomEffect/Boom01.prefab|BoomEffect/Boom01.prefab|2027|1|0|10
571|2027|(원거리)Golem_Fire|6|552|3450|130|50|5|800|0|3|12|120|4|0|0|BoomEffect/Boom01.prefab|BoomEffect/Boom01.prefab|2027|1|0|10
572|2027|(원거리)Golem_Fire|7|614|3650|140|50|5|800|0|3|14|140|4|0|0|BoomEffect/Boom01.prefab|BoomEffect/Boom01.prefab|2027|1|0|10
573|2027|(원거리)Golem_Fire|8|677|3850|150|50|5|800|0|3|16|160|4|0|0|BoomEffect/Boom01.prefab|BoomEffect/Boom01.prefab|2027|1|0|10
574|2027|(원거리)Golem_Fire|9|739|4050|160|50|5|800|0|3|18|180|4|0|0|BoomEffect/Boom01.prefab|BoomEffect/Boom01.prefab|2027|1|0|10
575|2027|(원거리)Golem_Fire|10|802|4250|170|50|5|800|0|3|20|200|4|0|0|BoomEffect/Boom01.prefab|BoomEffect/Boom01.prefab|2027|1|0|10
576|2027|(원거리)Golem_Fire|11|864|4450|180|50|5|800|0|3|22|220|4|0|0|BoomEffect/Boom01.prefab|BoomEffect/Boom01.prefab|2027|1|0|10
577|2027|(원거리)Golem_Fire|12|927|4650|190|50|5|800|0|3|24|240|4|0|0|BoomEffect/Boom01.prefab|BoomEffect/Boom01.prefab|2027|1|0|10
578|2027|(원거리)Golem_Fire|13|989|4850|200|50|5|800|0|3|26|260|4|0|0|BoomEffect/Boom01.prefab|BoomEffect/Boom01.prefab|2027|1|0|10
579|2027|(원거리)Golem_Fire|14|1052|5050|210|50|5|800|0|3|28|280|4|0|0|BoomEffect/Boom01.prefab|BoomEffect/Boom01.prefab|2027|1|0|10
580|2027|(원거리)Golem_Fire|15|1114|5250|220|50|5|800|0|3|30|300|4|0|0|BoomEffect/Boom01.prefab|BoomEffect/Boom01.prefab|2027|1|0|10
581|2027|(원거리)Golem_Fire|16|1177|5450|230|50|5|800|0|3|32|320|4|0|0|BoomEffect/Boom01.prefab|BoomEffect/Boom01.prefab|2027|1|0|10
582|2027|(원거리)Golem_Fire|17|1239|5650|240|50|5|800|0|3|34|340|4|0|0|BoomEffect/Boom01.prefab|BoomEffect/Boom01.prefab|2027|1|0|10
583|2027|(원거리)Golem_Fire|18|1302|5850|250|50|5|800|0|3|36|360|4|0|0|BoomEffect/Boom01.prefab|BoomEffect/Boom01.prefab|2027|1|0|10
584|2027|(원거리)Golem_Fire|19|1364|6050|260|50|5|800|0|3|38|380|4|0|0|BoomEffect/Boom01.prefab|BoomEffect/Boom01.prefab|2027|1|0|10
585|2027|(원거리)Golem_Fire|20|1427|6250|270|50|5|800|0|3|40|400|4|0|0|BoomEffect/Boom01.prefab|BoomEffect/Boom01.prefab|2027|1|0|10
586|2028|(원거리)Golem_Ice|1|239|2450|80|50|5|800|0|3|2|20|4|0|0|BoomEffect/Boom01.prefab|BoomEffect/Boom01.prefab|2028|1|0|10
587|2028|(원거리)Golem_Ice|2|302|2650|90|50|5|800|0|3|4|40|4|0|0|BoomEffect/Boom01.prefab|BoomEffect/Boom01.prefab|2028|1|0|10
588|2028|(원거리)Golem_Ice|3|364|2850|100|50|5|800|0|3|6|60|4|0|0|BoomEffect/Boom01.prefab|BoomEffect/Boom01.prefab|2028|1|0|10
589|2028|(원거리)Golem_Ice|4|427|3050|110|50|5|800|0|3|8|80|4|0|0|BoomEffect/Boom01.prefab|BoomEffect/Boom01.prefab|2028|1|0|10
590|2028|(원거리)Golem_Ice|5|489|3250|120|50|5|800|0|3|10|100|4|0|0|BoomEffect/Boom01.prefab|BoomEffect/Boom01.prefab|2028|1|0|10
591|2028|(원거리)Golem_Ice|6|552|3450|130|50|5|800|0|3|12|120|4|0|0|BoomEffect/Boom01.prefab|BoomEffect/Boom01.prefab|2028|1|0|10
592|2028|(원거리)Golem_Ice|7|614|3650|140|50|5|800|0|3|14|140|4|0|0|BoomEffect/Boom01.prefab|BoomEffect/Boom01.prefab|2028|1|0|10
593|2028|(원거리)Golem_Ice|8|677|3850|150|50|5|800|0|3|16|160|4|0|0|BoomEffect/Boom01.prefab|BoomEffect/Boom01.prefab|2028|1|0|10
594|2028|(원거리)Golem_Ice|9|739|4050|160|50|5|800|0|3|18|180|4|0|0|BoomEffect/Boom01.prefab|BoomEffect/Boom01.prefab|2028|1|0|10
595|2028|(원거리)Golem_Ice|10|802|4250|170|50|5|800|0|3|20|200|4|0|0|BoomEffect/Boom01.prefab|BoomEffect/Boom01.prefab|2028|1|0|10
596|2028|(원거리)Golem_Ice|11|864|4450|180|50|5|800|0|3|22|220|4|0|0|BoomEffect/Boom01.prefab|BoomEffect/Boom01.prefab|2028|1|0|10
597|2028|(원거리)Golem_Ice|12|927|4650|190|50|5|800|0|3|24|240|4|0|0|BoomEffect/Boom01.prefab|BoomEffect/Boom01.prefab|2028|1|0|10
598|2028|(원거리)Golem_Ice|13|989|4850|200|50|5|800|0|3|26|260|4|0|0|BoomEffect/Boom01.prefab|BoomEffect/Boom01.prefab|2028|1|0|10
599|2028|(원거리)Golem_Ice|14|1052|5050|210|50|5|800|0|3|28|280|4|0|0|BoomEffect/Boom01.prefab|BoomEffect/Boom01.prefab|2028|1|0|10
600|2028|(원거리)Golem_Ice|15|1114|5250|220|50|5|800|0|3|30|300|4|0|0|BoomEffect/Boom01.prefab|BoomEffect/Boom01.prefab|2028|1|0|10
601|2028|(원거리)Golem_Ice|16|1177|5450|230|50|5|800|0|3|32|320|4|0|0|BoomEffect/Boom01.prefab|BoomEffect/Boom01.prefab|2028|1|0|10
602|2028|(원거리)Golem_Ice|17|1239|5650|240|50|5|800|0|3|34|340|4|0|0|BoomEffect/Boom01.prefab|BoomEffect/Boom01.prefab|2028|1|0|10
603|2028|(원거리)Golem_Ice|18|1302|5850|250|50|5|800|0|3|36|360|4|0|0|BoomEffect/Boom01.prefab|BoomEffect/Boom01.prefab|2028|1|0|10
604|2028|(원거리)Golem_Ice|19|1364|6050|260|50|5|800|0|3|38|380|4|0|0|BoomEffect/Boom01.prefab|BoomEffect/Boom01.prefab|2028|1|0|10
605|2028|(원거리)Golem_Ice|20|1427|6250|270|50|5|800|0|3|40|400|4|0|0|BoomEffect/Boom01.prefab|BoomEffect/Boom01.prefab|2028|1|0|10
606|2029|(근거리)Armor_Skeleton_Sword|1|237|1400|189|5|5|900|0|5|2|20|4|0|0|BoomEffect/Boom01.prefab|BoomEffect/Boom01.prefab|2029|1|0|10
607|2029|(근거리)Armor_Skeleton_Sword|2|300|1600|195|5|5|900|0|5|4|40|4|0|0|BoomEffect/Boom01.prefab|BoomEffect/Boom01.prefab|2029|1|0|10
608|2029|(근거리)Armor_Skeleton_Sword|3|362|1800|201|5|5|900|0|5|6|60|4|0|0|BoomEffect/Boom01.prefab|BoomEffect/Boom01.prefab|2029|1|0|10
609|2029|(근거리)Armor_Skeleton_Sword|4|425|2000|207|5|5|900|0|5|8|80|4|0|0|BoomEffect/Boom01.prefab|BoomEffect/Boom01.prefab|2029|1|0|10
610|2029|(근거리)Armor_Skeleton_Sword|5|487|2200|213|5|5|900|0|5|10|100|4|0|0|BoomEffect/Boom01.prefab|BoomEffect/Boom01.prefab|2029|1|0|10
611|2029|(근거리)Armor_Skeleton_Sword|6|550|2400|219|5|5|900|0|5|12|120|4|0|0|BoomEffect/Boom01.prefab|BoomEffect/Boom01.prefab|2029|1|0|10
612|2029|(근거리)Armor_Skeleton_Sword|7|612|2600|225|5|5|900|0|5|14|140|4|0|0|BoomEffect/Boom01.prefab|BoomEffect/Boom01.prefab|2029|1|0|10
613|2029|(근거리)Armor_Skeleton_Sword|8|675|2800|231|5|5|900|0|5|16|160|4|0|0|BoomEffect/Boom01.prefab|BoomEffect/Boom01.prefab|2029|1|0|10
614|2029|(근거리)Armor_Skeleton_Sword|9|737|3000|237|5|5|900|0|5|18|180|4|0|0|BoomEffect/Boom01.prefab|BoomEffect/Boom01.prefab|2029|1|0|10
615|2029|(근거리)Armor_Skeleton_Sword|10|800|3200|243|5|5|900|0|5|20|200|4|0|0|BoomEffect/Boom01.prefab|BoomEffect/Boom01.prefab|2029|1|0|10
616|2029|(근거리)Armor_Skeleton_Sword|11|862|3400|249|5|5|900|0|5|22|220|4|0|0|BoomEffect/Boom01.prefab|BoomEffect/Boom01.prefab|2029|1|0|10
617|2029|(근거리)Armor_Skeleton_Sword|12|925|3600|255|5|5|900|0|5|24|240|4|0|0|BoomEffect/Boom01.prefab|BoomEffect/Boom01.prefab|2029|1|0|10
618|2029|(근거리)Armor_Skeleton_Sword|13|987|3800|261|5|5|900|0|5|26|260|4|0|0|BoomEffect/Boom01.prefab|BoomEffect/Boom01.prefab|2029|1|0|10
619|2029|(근거리)Armor_Skeleton_Sword|14|1050|4000|267|5|5|900|0|5|28|280|4|0|0|BoomEffect/Boom01.prefab|BoomEffect/Boom01.prefab|2029|1|0|10
620|2029|(근거리)Armor_Skeleton_Sword|15|1112|4200|273|5|5|900|0|5|30|300|4|0|0|BoomEffect/Boom01.prefab|BoomEffect/Boom01.prefab|2029|1|0|10
621|2029|(근거리)Armor_Skeleton_Sword|16|1175|4400|279|5|5|900|0|5|32|320|4|0|0|BoomEffect/Boom01.prefab|BoomEffect/Boom01.prefab|2029|1|0|10
622|2029|(근거리)Armor_Skeleton_Sword|17|1237|4600|285|5|5|900|0|5|34|340|4|0|0|BoomEffect/Boom01.prefab|BoomEffect/Boom01.prefab|2029|1|0|10
623|2029|(근거리)Armor_Skeleton_Sword|18|1300|4800|291|5|5|900|0|5|36|360|4|0|0|BoomEffect/Boom01.prefab|BoomEffect/Boom01.prefab|2029|1|0|10
624|2029|(근거리)Armor_Skeleton_Sword|19|1362|5000|297|5|5|900|0|5|38|380|4|0|0|BoomEffect/Boom01.prefab|BoomEffect/Boom01.prefab|2029|1|0|10
625|2029|(근거리)Armor_Skeleton_Sword|20|1425|5200|303|5|5|900|0|5|40|400|4|0|0|BoomEffect/Boom01.prefab|BoomEffect/Boom01.prefab|2029|1|0|10
626|2030|(원거리)Armor_Skeleton_Archer|1|238|1050|144|50|5|800|0|4|2|20|4|0|0|BoomEffect/Boom01.prefab|BoomEffect/Boom01.prefab|2030|1|0|10
627|2030|(원거리)Armor_Skeleton_Archer|2|301|1200|150|50|5|800|0|4|4|40|4|0|0|BoomEffect/Boom01.prefab|BoomEffect/Boom01.prefab|2030|1|0|10
628|2030|(원거리)Armor_Skeleton_Archer|3|363|1350|156|50|5|800|0|4|6|60|4|0|0|BoomEffect/Boom01.prefab|BoomEffect/Boom01.prefab|2030|1|0|10
629|2030|(원거리)Armor_Skeleton_Archer|4|426|1500|162|50|5|800|0|4|8|80|4|0|0|BoomEffect/Boom01.prefab|BoomEffect/Boom01.prefab|2030|1|0|10
630|2030|(원거리)Armor_Skeleton_Archer|5|488|1650|168|50|5|800|0|4|10|100|4|0|0|BoomEffect/Boom01.prefab|BoomEffect/Boom01.prefab|2030|1|0|10
631|2030|(원거리)Armor_Skeleton_Archer|6|551|1800|174|50|5|800|0|4|12|120|4|0|0|BoomEffect/Boom01.prefab|BoomEffect/Boom01.prefab|2030|1|0|10
632|2030|(원거리)Armor_Skeleton_Archer|7|613|1950|180|50|5|800|0|4|14|140|4|0|0|BoomEffect/Boom01.prefab|BoomEffect/Boom01.prefab|2030|1|0|10
633|2030|(원거리)Armor_Skeleton_Archer|8|676|2100|186|50|5|800|0|4|16|160|4|0|0|BoomEffect/Boom01.prefab|BoomEffect/Boom01.prefab|2030|1|0|10
634|2030|(원거리)Armor_Skeleton_Archer|9|738|2250|192|50|5|800|0|4|18|180|4|0|0|BoomEffect/Boom01.prefab|BoomEffect/Boom01.prefab|2030|1|0|10
635|2030|(원거리)Armor_Skeleton_Archer|10|801|2400|198|50|5|800|0|4|20|200|4|0|0|BoomEffect/Boom01.prefab|BoomEffect/Boom01.prefab|2030|1|0|10
636|2030|(원거리)Armor_Skeleton_Archer|11|863|2550|204|50|5|800|0|4|22|220|4|0|0|BoomEffect/Boom01.prefab|BoomEffect/Boom01.prefab|2030|1|0|10
637|2030|(원거리)Armor_Skeleton_Archer|12|926|2700|210|50|5|800|0|4|24|240|4|0|0|BoomEffect/Boom01.prefab|BoomEffect/Boom01.prefab|2030|1|0|10
638|2030|(원거리)Armor_Skeleton_Archer|13|988|2850|216|50|5|800|0|4|26|260|4|0|0|BoomEffect/Boom01.prefab|BoomEffect/Boom01.prefab|2030|1|0|10
639|2030|(원거리)Armor_Skeleton_Archer|14|1051|3000|222|50|5|800|0|4|28|280|4|0|0|BoomEffect/Boom01.prefab|BoomEffect/Boom01.prefab|2030|1|0|10
640|2030|(원거리)Armor_Skeleton_Archer|15|1113|3150|228|50|5|800|0|4|30|300|4|0|0|BoomEffect/Boom01.prefab|BoomEffect/Boom01.prefab|2030|1|0|10
641|2030|(원거리)Armor_Skeleton_Archer|16|1176|3300|234|50|5|800|0|4|32|320|4|0|0|BoomEffect/Boom01.prefab|BoomEffect/Boom01.prefab|2030|1|0|10
642|2030|(원거리)Armor_Skeleton_Archer|17|1238|3450|240|50|5|800|0|4|34|340|4|0|0|BoomEffect/Boom01.prefab|BoomEffect/Boom01.prefab|2030|1|0|10
643|2030|(원거리)Armor_Skeleton_Archer|18|1301|3600|246|50|5|800|0|4|36|360|4|0|0|BoomEffect/Boom01.prefab|BoomEffect/Boom01.prefab|2030|1|0|10
644|2030|(원거리)Armor_Skeleton_Archer|19|1363|3750|252|50|5|800|0|4|38|380|4|0|0|BoomEffect/Boom01.prefab|BoomEffect/Boom01.prefab|2030|1|0|10
645|2030|(원거리)Armor_Skeleton_Archer|20|1426|3900|258|50|5|800|0|4|40|400|4|0|0|BoomEffect/Boom01.prefab|BoomEffect/Boom01.prefab|2030|1|0|10
646|2031|(원거리)Armor_Skeleton_Witch|1|239|1750|209|50|5|1100|0|3|2|20|4|0|0|BoomEffect/Boom01.prefab|BoomEffect/Boom01.prefab|2031|1|0|10
647|2031|(원거리)Armor_Skeleton_Witch|2|302|1950|223|50|5|1100|0|3|4|40|4|0|0|BoomEffect/Boom01.prefab|BoomEffect/Boom01.prefab|2031|1|0|10
648|2031|(원거리)Armor_Skeleton_Witch|3|364|2150|237|50|5|1100|0|3|6|60|4|0|0|BoomEffect/Boom01.prefab|BoomEffect/Boom01.prefab|2031|1|0|10
649|2031|(원거리)Armor_Skeleton_Witch|4|427|2350|251|50|5|1100|0|3|8|80|4|0|0|BoomEffect/Boom01.prefab|BoomEffect/Boom01.prefab|2031|1|0|10
650|2031|(원거리)Armor_Skeleton_Witch|5|489|2550|265|50|5|1100|0|3|10|100|4|0|0|BoomEffect/Boom01.prefab|BoomEffect/Boom01.prefab|2031|1|0|10
651|2031|(원거리)Armor_Skeleton_Witch|6|552|2750|279|50|5|1100|0|3|12|120|4|0|0|BoomEffect/Boom01.prefab|BoomEffect/Boom01.prefab|2031|1|0|10
652|2031|(원거리)Armor_Skeleton_Witch|7|614|2950|293|50|5|1100|0|3|14|140|4|0|0|BoomEffect/Boom01.prefab|BoomEffect/Boom01.prefab|2031|1|0|10
653|2031|(원거리)Armor_Skeleton_Witch|8|677|3150|307|50|5|1100|0|3|16|160|4|0|0|BoomEffect/Boom01.prefab|BoomEffect/Boom01.prefab|2031|1|0|10
654|2031|(원거리)Armor_Skeleton_Witch|9|739|3350|321|50|5|1100|0|3|18|180|4|0|0|BoomEffect/Boom01.prefab|BoomEffect/Boom01.prefab|2031|1|0|10
655|2031|(원거리)Armor_Skeleton_Witch|10|802|3550|335|50|5|1100|0|3|20|200|4|0|0|BoomEffect/Boom01.prefab|BoomEffect/Boom01.prefab|2031|1|0|10
656|2031|(원거리)Armor_Skeleton_Witch|11|864|3750|349|50|5|1100|0|3|22|220|4|0|0|BoomEffect/Boom01.prefab|BoomEffect/Boom01.prefab|2031|1|0|10
657|2031|(원거리)Armor_Skeleton_Witch|12|927|3950|363|50|5|1100|0|3|24|240|4|0|0|BoomEffect/Boom01.prefab|BoomEffect/Boom01.prefab|2031|1|0|10
658|2031|(원거리)Armor_Skeleton_Witch|13|989|4150|377|50|5|1100|0|3|26|260|4|0|0|BoomEffect/Boom01.prefab|BoomEffect/Boom01.prefab|2031|1|0|10
659|2031|(원거리)Armor_Skeleton_Witch|14|1052|4350|391|50|5|1100|0|3|28|280|4|0|0|BoomEffect/Boom01.prefab|BoomEffect/Boom01.prefab|2031|1|0|10
660|2031|(원거리)Armor_Skeleton_Witch|15|1114|4550|405|50|5|1100|0|3|30|300|4|0|0|BoomEffect/Boom01.prefab|BoomEffect/Boom01.prefab|2031|1|0|10
661|2031|(원거리)Armor_Skeleton_Witch|16|1177|4750|419|50|5|1100|0|3|32|320|4|0|0|BoomEffect/Boom01.prefab|BoomEffect/Boom01.prefab|2031|1|0|10
662|2031|(원거리)Armor_Skeleton_Witch|17|1239|4950|433|50|5|1100|0|3|34|340|4|0|0|BoomEffect/Boom01.prefab|BoomEffect/Boom01.prefab|2031|1|0|10
663|2031|(원거리)Armor_Skeleton_Witch|18|1302|5150|447|50|5|1100|0|3|36|360|4|0|0|BoomEffect/Boom01.prefab|BoomEffect/Boom01.prefab|2031|1|0|10
664|2031|(원거리)Armor_Skeleton_Witch|19|1364|5350|461|50|5|1100|0|3|38|380|4|0|0|BoomEffect/Boom01.prefab|BoomEffect/Boom01.prefab|2031|1|0|10
665|2031|(원거리)Armor_Skeleton_Witch|20|1427|5550|475|50|5|1100|0|3|40|400|4|0|0|BoomEffect/Boom01.prefab|BoomEffect/Boom01.prefab|2031|1|0|10
666|10001|User_01|1|1|100|1|50|1|1000|0|3|2|20|2|1|1|BoomEffect/Devil_Atk_Effect.prefab|BoomEffect/Devil_Atk_Effect.prefab|10001|0|0|10